table_name,column_name,row_count,missing_count,missing_pct
appearances,appearance_id,1894350,0,0.0
appearances,game_id,1894350,0,0.0
appearances,player_id,1894350,0,0.0
appearances,player_club_id,1894350,0,0.0
appearances,player_current_club_id,1894350,0,0.0
appearances,date,1894350,0,0.0
appearances,player_name,1894350,2,0.0001
appearances,competition_id,1894350,0,0.0
appearances,yellow_cards,1894350,0,0.0
appearances,red_cards,1894350,0,0.0
appearances,goals,1894350,0,0.0
appearances,assists,1894350,0,0.0
appearances,minutes_played,1894350,0,0.0
club_games,game_id,177916,0,0.0
club_games,club_id,177916,0,0.0
club_games,own_goals,177916,0,0.0
club_games,own_position,177916,50754,28.5269
club_games,own_manager_name,177916,1688,0.9488
club_games,opponent_id,177916,0,0.0
club_games,opponent_goals,177916,0,0.0
club_games,opponent_position,177916,50754,28.5269
club_games,opponent_manager_name,177916,1688,0.9488
club_games,hosting,177916,0,0.0
club_games,is_win,177916,0,0.0
clubs,club_id,796,0,0.0
clubs,club_code,796,0,0.0
clubs,name,796,0,0.0
clubs,domestic_competition_id,796,0,0.0
clubs,total_market_value,796,796,100.0
clubs,squad_size,796,0,0.0
clubs,average_age,796,38,4.7739
clubs,foreigners_number,796,0,0.0
clubs,foreigners_percentage,796,60,7.5377
clubs,national_team_players,796,0,0.0
clubs,stadium_name,796,0,0.0
clubs,stadium_seats,796,0,0.0
clubs,net_transfer_record,796,0,0.0
clubs,coach_name,796,393,49.3719
clubs,last_season,796,0,0.0
clubs,filename,796,0,0.0
clubs,url,796,0,0.0
competitions,competition_id,65,0,0.0
competitions,competition_code,65,0,0.0
competitions,name,65,0,0.0
competitions,sub_type,65,0,0.0
competitions,type,65,0,0.0
competitions,country_id,65,0,0.0
competitions,country_name,65,12,18.4615
competitions,domestic_league_code,65,12,18.4615
competitions,confederation,65,0,0.0
competitions,total_clubs,65,15,23.0769
competitions,url,65,0,0.0
countries,country_id,124,0,0.0
countries,country_name,124,0,0.0
countries,country_code,124,0,0.0
countries,confederation,124,0,0.0
countries,total_clubs,124,0,0.0
countries,total_players,124,0,0.0
countries,average_age,124,0,0.0
countries,url,124,0,0.0
game_events,game_event_id,1274469,0,0.0
game_events,date,1274469,0,0.0
game_events,game_id,1274469,0,0.0
game_events,minute,1274469,0,0.0
game_events,type,1274469,0,0.0
game_events,club_id,1274469,0,0.0
game_events,club_name,1274469,0,0.0
game_events,player_id,1274469,0,0.0
game_events,description,1274469,93157,7.3095
game_events,player_in_id,1274469,643922,50.5247
game_events,player_assist_id,1274469,1086191,85.2269
game_lineups,game_lineups_id,3179016,0,0.0
game_lineups,date,3179016,0,0.0
game_lineups,game_id,3179016,0,0.0
game_lineups,player_id,3179016,0,0.0
game_lineups,club_id,3179016,0,0.0
game_lineups,player_name,3179016,0,0.0
game_lineups,type,3179016,0,0.0
game_lineups,position,3179016,3,0.0001
game_lineups,number,3179016,0,0.0
game_lineups,team_captain,3179016,0,0.0
games,game_id,88958,0,0.0
games,competition_id,88958,0,0.0
games,season,88958,0,0.0
games,round,88958,0,0.0
games,date,88958,0,0.0
games,home_club_id,88958,0,0.0
games,away_club_id,88958,0,0.0
games,home_club_goals,88958,0,0.0
games,away_club_goals,88958,0,0.0
games,home_club_position,88958,25377,28.5269
games,away_club_position,88958,25377,28.5269
games,home_club_manager_name,88958,844,0.9488
games,away_club_manager_name,88958,844,0.9488
games,stadium,88958,242,0.272
games,attendance,88958,10803,12.1439
games,referee,88958,678,0.7622
games,url,88958,0,0.0
games,home_club_formation,88958,8200,9.2178
games,away_club_formation,88958,8073,9.0751
games,home_club_name,88958,86,0.0967
games,away_club_name,88958,36,0.0405
games,aggregate,88958,0,0.0
games,competition_type,88958,1214,1.3647
national_teams,national_team_id,124,0,0.0
national_teams,name,124,0,0.0
national_teams,team_code,124,0,0.0
national_teams,country_id,124,0,0.0
national_teams,country_name,124,0,0.0
national_teams,country_code,124,0,0.0
national_teams,confederation,124,1,0.8065
national_teams,team_image_url,124,0,0.0
national_teams,squad_size,124,0,0.0
national_teams,average_age,124,0,0.0
national_teams,foreigners_number,124,0,0.0
national_teams,foreigners_percentage,124,8,6.4516
national_teams,total_market_value,124,4,3.2258
national_teams,coach_name,124,124,100.0
national_teams,fifa_ranking,124,0,0.0
national_teams,last_season,124,0,0.0
national_teams,url,124,0,0.0
player_valuations,player_id,656301,0,0.0
player_valuations,date,656301,0,0.0
player_valuations,market_value_in_eur,656301,0,0.0
player_valuations,current_club_name,656301,0,0.0
player_valuations,current_club_id,656301,0,0.0
player_valuations,player_club_domestic_competition_id,656301,92973,14.1662
players,player_id,50149,0,0.0
players,first_name,50149,3164,6.3092
players,last_name,50149,0,0.0
players,name,50149,0,0.0
players,last_season,50149,0,0.0
players,current_club_id,50149,0,0.0
players,player_code,50149,0,0.0
players,country_of_birth,50149,5885,11.735
players,city_of_birth,50149,5608,11.1827
players,country_of_citizenship,50149,269,0.5364
players,date_of_birth,50149,49,0.0977
players,sub_position,50149,586,1.1685
players,position,50149,0,0.0
players,foot,50149,5893,11.751
players,height_in_cm,50149,4365,8.7041
players,contract_expiration_date,50149,18569,37.0277
players,agent_name,50149,23296,46.4536
players,image_url,50149,0,0.0
players,international_caps,50149,30793,61.403
players,international_goals,50149,30793,61.403
players,current_national_team_id,50149,46889,93.4994
players,url,50149,0,0.0
players,current_club_domestic_competition_id,50149,2986,5.9543
players,current_club_name,50149,2986,5.9543
players,market_value_in_eur,50149,8621,17.1908
players,highest_market_value_in_eur,50149,8621,17.1908
transfers,player_id,175165,0,0.0
transfers,transfer_date,175165,0,0.0
transfers,transfer_season,175165,0,0.0
transfers,from_club_id,175165,0,0.0
transfers,to_club_id,175165,0,0.0
transfers,from_club_name,175165,0,0.0
transfers,to_club_name,175165,0,0.0
transfers,transfer_fee,175165,61526,35.1246
transfers,market_value_in_eur,175165,68160,38.9119
transfers,player_name,175165,0,0.0
