competition_id,competition_name,country_name,competition_type,season,game_count,min_game_date,max_game_date,appearance_rows,players_with_appearances,total_minutes,game_count_vs_local_median_pct,coverage_status
A1,bundesliga,Austria,domestic_league,2024,164,2024-08-03,2025-05-24,0,0,0,92.13,REVIEW
A1,bundesliga,Austria,domestic_league,2025,192,2025-08-01,2026-05-17,0,0,0,107.87,REVIEW
AFAC,afc-asian-cup,,national_team_competition,2024,51,2024-01-12,2024-02-10,0,0,0,100.0,REVIEW
AFCN,africa-cup-of-nations,,national_team_competition,2025,52,2025-12-21,2026-01-18,776,214,51418,100.0,ADEQUATE
ARG1,torneo-apertura,Argentina,domestic_league,2024,178,2025-01-24,2025-05-04,0,0,0,85.17,REVIEW
ARG1,torneo-apertura,Argentina,domestic_league,2025,240,2026-01-22,2026-05-05,0,0,0,114.83,REVIEW
AUS1,a-league-men,Australia,domestic_league,2024,169,2024-10-18,2025-05-04,0,0,0,104.0,REVIEW
AUS1,a-league-men,Australia,domestic_league,2025,156,2025-10-17,2026-04-26,0,0,0,96.0,REVIEW
BE1,jupiler-pro-league,Belgium,domestic_league,2012,240,2012-07-28,2013-03-16,6571,437,473292,100.0,ADEQUATE
BE1,jupiler-pro-league,Belgium,domestic_league,2013,240,2013-07-26,2014-03-16,6588,413,473318,100.0,ADEQUATE
BE1,jupiler-pro-league,Belgium,domestic_league,2014,240,2014-07-25,2015-03-15,6597,433,472444,100.0,ADEQUATE
BE1,jupiler-pro-league,Belgium,domestic_league,2015,240,2015-07-24,2016-03-13,6617,434,473635,100.0,ADEQUATE
BE1,jupiler-pro-league,Belgium,domestic_league,2016,240,2016-07-29,2017-03-12,6629,434,472949,100.0,ADEQUATE
BE1,jupiler-pro-league,Belgium,domestic_league,2017,240,2017-07-28,2018-03-11,6618,447,473732,100.0,ADEQUATE
BE1,jupiler-pro-league,Belgium,domestic_league,2018,240,2018-07-27,2019-03-17,6592,432,473826,100.0,ADEQUATE
BE1,jupiler-pro-league,Belgium,domestic_league,2019,232,2019-07-26,2020-03-07,6368,446,453906,96.67,ADEQUATE
BE1,jupiler-pro-league,Belgium,domestic_league,2020,306,2020-08-08,2021-04-18,8711,521,603919,100.0,ADEQUATE
BE1,jupiler-pro-league,Belgium,domestic_league,2021,306,2021-07-23,2022-04-10,8514,460,580939,100.0,ADEQUATE
BE1,jupiler-pro-league,Belgium,domestic_league,2022,306,2022-07-22,2023-04-23,9172,533,602467,100.0,ADEQUATE
BE1,jupiler-pro-league,Belgium,domestic_league,2023,240,2023-07-28,2024-03-17,7293,469,474218,100.0,ADEQUATE
BE1,jupiler-pro-league,Belgium,domestic_league,2024,240,2024-07-26,2025-03-16,7324,475,473661,100.0,ADEQUATE
BE1,jupiler-pro-league,Belgium,domestic_league,2025,240,2025-07-25,2026-03-22,7332,454,473781,100.0,ADEQUATE
BESC,volkswagen-supercup,Belgium,other,2012,1,2012-07-22,2012-07-22,28,28,1980,100.0,ADEQUATE
BESC,volkswagen-supercup,Belgium,other,2013,1,2013-07-21,2013-07-21,28,28,1981,100.0,ADEQUATE
BESC,volkswagen-supercup,Belgium,other,2014,1,2014-07-20,2014-07-20,28,28,1980,100.0,ADEQUATE
BESC,volkswagen-supercup,Belgium,other,2015,1,2015-07-16,2015-07-16,26,26,1980,100.0,ADEQUATE
BESC,volkswagen-supercup,Belgium,other,2016,1,2016-07-23,2016-07-23,28,28,1932,100.0,ADEQUATE
BESC,volkswagen-supercup,Belgium,other,2017,1,2017-07-22,2017-07-22,27,27,1980,100.0,ADEQUATE
BESC,volkswagen-supercup,Belgium,other,2018,1,2018-07-22,2018-07-22,28,28,1980,100.0,ADEQUATE
BESC,volkswagen-supercup,Belgium,other,2019,1,2019-07-20,2019-07-20,28,28,1980,100.0,ADEQUATE
BESC,volkswagen-supercup,Belgium,other,2021,1,2021-07-17,2021-07-17,28,28,1857,100.0,ADEQUATE
BESC,volkswagen-supercup,Belgium,other,2022,1,2022-07-17,2022-07-17,30,30,1981,100.0,ADEQUATE
BESC,volkswagen-supercup,Belgium,other,2023,1,2023-07-23,2023-07-23,29,29,1959,100.0,ADEQUATE
BESC,volkswagen-supercup,Belgium,other,2024,1,2024-07-20,2024-07-20,32,32,1981,100.0,ADEQUATE
BESC,volkswagen-supercup,Belgium,other,2025,1,2025-07-20,2025-07-20,32,32,1980,100.0,ADEQUATE
BPO4,jupiler-pro-league-relegation-play-offs,Belgium,other,2025,12,2026-04-04,2026-05-09,374,90,23762,100.0,ADEQUATE
BRA1,campeonato-brasileiro-serie-a,Brazil,domestic_league,2024,380,2025-03-29,2025-12-07,0,0,0,136.45,REVIEW
BRA1,campeonato-brasileiro-serie-a,Brazil,domestic_league,2025,177,2026-01-28,2026-06-01,0,0,0,63.55,REVIEW
C1,super-league,Switzerland,domestic_league,2024,202,2024-07-20,2025-05-24,0,0,0,93.95,REVIEW
C1,super-league,Switzerland,domestic_league,2025,228,2025-07-25,2026-05-17,0,0,0,106.05,REVIEW
CDR,copa-del-rey,Spain,domestic_cup,2012,112,2012-08-29,2013-05-17,1302,448,93418,100.0,ADEQUATE
CDR,copa-del-rey,Spain,domestic_cup,2013,112,2013-09-04,2014-04-16,1291,440,91251,100.0,ADEQUATE
CDR,copa-del-rey,Spain,domestic_cup,2014,112,2014-09-03,2015-05-30,1146,401,82113,100.0,ADEQUATE
CDR,copa-del-rey,Spain,domestic_cup,2015,111,2015-08-27,2016-05-22,1268,450,91030,99.11,ADEQUATE
CDR,copa-del-rey,Spain,domestic_cup,2016,112,2016-08-31,2017-05-27,1309,463,93300,100.0,ADEQUATE
CDR,copa-del-rey,Spain,domestic_cup,2017,111,2017-08-30,2018-04-21,1254,450,90274,99.11,ADEQUATE
CDR,copa-del-rey,Spain,domestic_cup,2018,112,2018-09-05,2019-05-25,1362,464,97380,100.0,ADEQUATE
CDR,copa-del-rey,Spain,domestic_cup,2019,126,2019-11-13,2021-04-03,1061,467,78260,100.0,ADEQUATE
CDR,copa-del-rey,Spain,domestic_cup,2020,127,2020-11-11,2021-04-17,1195,468,82520,100.79,ADEQUATE
CDR,copa-del-rey,Spain,domestic_cup,2021,127,2021-11-17,2022-04-23,1132,416,77578,100.79,ADEQUATE
CDR,copa-del-rey,Spain,domestic_cup,2022,126,2022-10-19,2023-05-06,1232,483,84030,100.0,ADEQUATE
CDR,copa-del-rey,Spain,domestic_cup,2023,126,2023-10-11,2024-04-06,1294,497,85976,100.0,ADEQUATE
CDR,copa-del-rey,Spain,domestic_cup,2024,126,2024-10-09,2025-04-26,1286,524,84480,100.0,ADEQUATE
CDR,copa-del-rey,Spain,domestic_cup,2025,137,2025-09-27,2026-04-18,1298,531,85278,108.73,ADEQUATE
CGB,EFL Cup,England,domestic_cup,2022,93,2023-08-08,2024-02-25,943,494,61607,100.0,ADEQUATE
CGB,EFL Cup,England,domestic_cup,2023,60,2024-08-13,2024-08-28,280,262,17391,64.52,REVIEW
CGB,EFL Cup,England,domestic_cup,2025,93,2025-07-29,2026-03-22,1125,581,72088,100.0,ADEQUATE
CIT,italy-cup,Italy,domestic_cup,2012,79,2012-08-04,2013-05-26,761,422,59431,100.0,ADEQUATE
CIT,italy-cup,Italy,domestic_cup,2013,79,2013-08-03,2014-05-03,829,484,60810,100.0,ADEQUATE
CIT,italy-cup,Italy,domestic_cup,2014,79,2014-08-10,2015-05-20,752,408,56187,100.0,ADEQUATE
CIT,italy-cup,Italy,domestic_cup,2015,79,2015-08-02,2016-05-21,672,393,51047,100.0,ADEQUATE
CIT,italy-cup,Italy,domestic_cup,2016,78,2016-07-29,2017-05-17,768,420,57122,98.73,ADEQUATE
CIT,italy-cup,Italy,domestic_cup,2017,79,2017-07-29,2018-05-09,779,415,58237,100.0,ADEQUATE
CIT,italy-cup,Italy,domestic_cup,2018,79,2018-07-28,2019-05-15,872,491,64157,100.0,ADEQUATE
CIT,italy-cup,Italy,domestic_cup,2019,79,2019-08-03,2020-06-17,783,428,56096,100.0,ADEQUATE
CIT,italy-cup,Italy,domestic_cup,2020,78,2020-09-22,2021-05-19,857,460,59486,100.0,ADEQUATE
CIT,italy-cup,Italy,domestic_cup,2021,45,2021-08-07,2022-05-11,836,429,57125,100.0,ADEQUATE
CIT,italy-cup,Italy,domestic_cup,2022,45,2022-07-30,2023-05-24,833,432,54574,100.0,ADEQUATE
CIT,italy-cup,Italy,domestic_cup,2023,45,2023-08-05,2024-05-15,875,460,58755,100.0,ADEQUATE
CIT,italy-cup,Italy,domestic_cup,2024,45,2024-08-03,2025-05-14,829,452,52350,100.0,ADEQUATE
CIT,italy-cup,Italy,domestic_cup,2025,44,2025-08-09,2026-04-22,891,483,55775,97.78,ADEQUATE
CL,uefa-champions-league,,international_cup,2012,125,2012-09-18,2013-05-25,3236,648,231509,100.0,ADEQUATE
CL,uefa-champions-league,,international_cup,2013,125,2013-09-17,2014-05-24,3162,611,226205,100.0,ADEQUATE
CL,uefa-champions-league,,international_cup,2014,125,2014-09-16,2015-06-06,2651,526,190212,100.0,ADEQUATE
CL,uefa-champions-league,,international_cup,2015,125,2015-09-15,2016-05-28,3042,581,220238,100.0,ADEQUATE
CL,uefa-champions-league,,international_cup,2016,125,2016-09-13,2017-06-03,3134,621,225363,100.0,ADEQUATE
CL,uefa-champions-league,,international_cup,2017,125,2017-09-12,2018-05-26,3124,621,223533,100.0,ADEQUATE
CL,uefa-champions-league,,international_cup,2018,125,2018-09-18,2019-06-01,3218,642,230678,100.0,ADEQUATE
CL,uefa-champions-league,,international_cup,2019,119,2019-09-17,2020-08-23,3022,612,214498,95.2,ADEQUATE
CL,uefa-champions-league,,international_cup,2020,125,2020-10-20,2021-05-29,3514,690,230565,100.0,ADEQUATE
CL,uefa-champions-league,,international_cup,2021,125,2021-09-14,2022-05-28,3384,633,222539,100.0,ADEQUATE
CL,uefa-champions-league,,international_cup,2022,125,2022-09-06,2023-06-10,3411,627,219754,100.0,ADEQUATE
CL,uefa-champions-league,,international_cup,2023,125,2023-09-19,2024-06-01,3539,662,232501,100.0,ADEQUATE
CL,uefa-champions-league,,international_cup,2024,189,2024-09-17,2025-05-31,5528,822,357133,120.77,ADEQUATE
CL,uefa-champions-league,,international_cup,2025,188,2025-09-16,2026-05-06,5571,834,357027,100.0,ADEQUATE
CLQ,uefa-champions-league-qualifying,,international_cup,2012,88,2012-07-03,2012-08-29,675,278,49768,100.0,ADEQUATE
CLQ,uefa-champions-league-qualifying,,international_cup,2013,88,2013-07-02,2013-08-28,695,281,49871,98.88,ADEQUATE
CLQ,uefa-champions-league-qualifying,,international_cup,2014,90,2014-07-01,2014-08-27,620,247,44907,100.0,ADEQUATE
CLQ,uefa-champions-league-qualifying,,international_cup,2015,92,2015-06-30,2015-08-26,693,273,49427,100.0,ADEQUATE
CLQ,uefa-champions-league-qualifying,,international_cup,2016,92,2016-06-28,2016-08-24,768,312,56019,100.0,ADEQUATE
CLQ,uefa-champions-league-qualifying,,international_cup,2017,94,2017-06-27,2017-08-23,735,284,53081,102.17,ADEQUATE
CLQ,uefa-champions-league-qualifying,,international_cup,2018,91,2018-06-26,2018-08-29,639,222,45258,100.0,ADEQUATE
CLQ,uefa-champions-league-qualifying,,international_cup,2019,91,2019-06-25,2019-08-28,591,223,42920,100.0,ADEQUATE
CLQ,uefa-champions-league-qualifying,,international_cup,2020,53,2020-08-08,2020-09-30,366,184,26634,58.24,REVIEW
CLQ,uefa-champions-league-qualifying,,international_cup,2021,93,2021-06-22,2021-08-25,664,249,44995,104.49,ADEQUATE
CLQ,uefa-champions-league-qualifying,,international_cup,2022,89,2022-06-21,2022-08-24,607,227,41678,100.0,ADEQUATE
CLQ,uefa-champions-league-qualifying,,international_cup,2023,89,2023-06-27,2023-08-30,802,259,53319,98.89,ADEQUATE
CLQ,uefa-champions-league-qualifying,,international_cup,2024,90,2024-07-09,2024-08-28,1119,389,71817,100.56,ADEQUATE
CLQ,uefa-champions-league-qualifying,,international_cup,2025,92,2025-07-08,2025-08-27,1606,557,107275,102.22,ADEQUATE
COL1,Colombian Primera A,Colombia,domestic_league,2025,200,2025-07-12,2025-11-14,0,0,0,100.0,REVIEW
COPA,copa-america,,national_team_competition,2025,32,2024-06-21,2024-07-15,0,0,0,100.0,REVIEW
DFB,dfb-pokal,Germany,domestic_cup,2012,63,2012-08-17,2013-06-01,741,342,55236,100.0,ADEQUATE
DFB,dfb-pokal,Germany,domestic_cup,2013,63,2013-08-02,2014-05-17,771,362,58223,100.0,ADEQUATE
DFB,dfb-pokal,Germany,domestic_cup,2014,63,2014-08-15,2015-05-30,723,343,56523,100.0,ADEQUATE
DFB,dfb-pokal,Germany,domestic_cup,2015,63,2015-08-07,2016-05-21,767,356,57018,100.0,ADEQUATE
DFB,dfb-pokal,Germany,domestic_cup,2016,63,2016-08-19,2017-05-27,807,393,62287,100.0,ADEQUATE
DFB,dfb-pokal,Germany,domestic_cup,2017,63,2017-08-11,2018-05-19,847,382,62229,100.0,ADEQUATE
DFB,dfb-pokal,Germany,domestic_cup,2018,63,2018-08-17,2019-05-25,822,397,61587,100.0,ADEQUATE
DFB,dfb-pokal,Germany,domestic_cup,2019,63,2019-08-09,2020-07-04,823,385,60840,100.0,ADEQUATE
DFB,dfb-pokal,Germany,domestic_cup,2020,63,2020-09-11,2021-05-13,831,398,56294,100.0,ADEQUATE
DFB,dfb-pokal,Germany,domestic_cup,2021,63,2021-08-06,2022-05-21,796,386,56102,100.0,ADEQUATE
DFB,dfb-pokal,Germany,domestic_cup,2022,63,2022-07-29,2023-06-03,902,409,60098,100.0,ADEQUATE
DFB,dfb-pokal,Germany,domestic_cup,2023,62,2023-08-11,2024-05-25,700,370,45280,98.41,ADEQUATE
DFB,dfb-pokal,Germany,domestic_cup,2024,63,2024-08-16,2025-05-24,888,420,58850,100.8,ADEQUATE
DFB,dfb-pokal,Germany,domestic_cup,2025,62,2025-08-15,2026-04-23,952,449,65313,100.0,ADEQUATE
DFL,franz-beckenbauer-supercup,Germany,other,2012,1,2012-08-12,2012-08-12,28,28,1980,100.0,ADEQUATE
DFL,franz-beckenbauer-supercup,Germany,other,2013,1,2013-07-27,2013-07-27,28,28,1980,100.0,ADEQUATE
DFL,franz-beckenbauer-supercup,Germany,other,2014,1,2014-08-13,2014-08-13,27,27,1935,100.0,ADEQUATE
DFL,franz-beckenbauer-supercup,Germany,other,2015,1,2015-08-01,2015-08-01,28,28,1980,100.0,ADEQUATE
DFL,franz-beckenbauer-supercup,Germany,other,2016,1,2016-08-14,2016-08-14,28,28,1980,100.0,ADEQUATE
DFL,franz-beckenbauer-supercup,Germany,other,2017,1,2017-08-05,2017-08-05,28,28,1981,100.0,ADEQUATE
DFL,franz-beckenbauer-supercup,Germany,other,2018,1,2018-08-12,2018-08-12,28,28,1969,100.0,ADEQUATE
DFL,franz-beckenbauer-supercup,Germany,other,2019,1,2019-08-03,2019-08-03,28,28,1980,100.0,ADEQUATE
DFL,franz-beckenbauer-supercup,Germany,other,2020,1,2020-09-30,2020-09-30,31,31,1980,100.0,ADEQUATE
DFL,franz-beckenbauer-supercup,Germany,other,2021,1,2021-08-17,2021-08-17,30,30,1968,100.0,ADEQUATE
DFL,franz-beckenbauer-supercup,Germany,other,2022,1,2022-07-30,2022-07-30,31,31,1981,100.0,ADEQUATE
DFL,franz-beckenbauer-supercup,Germany,other,2023,1,2023-08-12,2023-08-12,32,32,1980,100.0,ADEQUATE
DFL,franz-beckenbauer-supercup,Germany,other,2024,1,2024-08-17,2024-08-17,32,32,1927,100.0,ADEQUATE
DFL,franz-beckenbauer-supercup,Germany,other,2025,1,2025-08-16,2025-08-16,32,32,1982,100.0,ADEQUATE
DK1,superliga,Denmark,domestic_league,2012,198,2012-07-13,2013-05-20,5432,316,391166,100.0,ADEQUATE
DK1,superliga,Denmark,domestic_league,2013,198,2013-07-19,2014-05-18,5460,313,391704,100.0,ADEQUATE
DK1,superliga,Denmark,domestic_league,2014,198,2014-07-18,2015-06-07,4945,277,354630,100.0,ADEQUATE
DK1,superliga,Denmark,domestic_league,2015,198,2015-07-17,2016-05-29,5484,336,391514,100.0,ADEQUATE
DK1,superliga,Denmark,domestic_league,2016,182,2016-07-15,2017-03-19,5046,351,359999,100.0,ADEQUATE
DK1,superliga,Denmark,domestic_league,2017,182,2017-07-14,2018-03-18,5066,364,359426,100.0,ADEQUATE
DK1,superliga,Denmark,domestic_league,2018,182,2018-07-13,2019-03-17,5032,357,359351,100.0,ADEQUATE
DK1,superliga,Denmark,domestic_league,2019,182,2019-07-12,2020-06-07,5092,362,360002,100.0,ADEQUATE
DK1,superliga,Denmark,domestic_league,2020,132,2020-09-11,2021-03-21,3995,316,260582,100.0,ADEQUATE
DK1,superliga,Denmark,domestic_league,2021,132,2021-07-16,2022-03-20,3659,285,241920,100.0,ADEQUATE
DK1,superliga,Denmark,domestic_league,2022,132,2022-07-15,2023-03-19,3784,308,244103,100.0,ADEQUATE
DK1,superliga,Denmark,domestic_league,2023,132,2023-07-21,2024-03-17,4082,346,260765,100.0,ADEQUATE
DK1,superliga,Denmark,domestic_league,2024,132,2024-07-19,2025-03-16,4095,336,261145,100.0,ADEQUATE
DK1,superliga,Denmark,domestic_league,2025,132,2025-07-18,2026-03-01,4112,333,260362,100.0,ADEQUATE
DKP,oddset-pokalen,Denmark,domestic_cup,2012,33,2012-08-29,2013-05-09,560,244,42921,78.57,REVIEW
DKP,oddset-pokalen,Denmark,domestic_cup,2013,49,2013-08-27,2014-05-15,591,266,42699,107.69,ADEQUATE
DKP,oddset-pokalen,Denmark,domestic_cup,2014,42,2014-08-12,2015-05-14,536,217,43046,85.71,ADEQUATE
DKP,oddset-pokalen,Denmark,domestic_cup,2015,60,2015-08-04,2016-05-05,620,267,46704,100.0,ADEQUATE
DKP,oddset-pokalen,Denmark,domestic_cup,2016,91,2016-08-09,2017-05-25,658,316,49801,102.25,ADEQUATE
DKP,oddset-pokalen,Denmark,domestic_cup,2017,89,2017-08-08,2018-05-10,662,311,51682,97.8,ADEQUATE
DKP,oddset-pokalen,Denmark,domestic_cup,2018,101,2018-08-07,2019-05-17,698,335,52924,101.0,ADEQUATE
DKP,oddset-pokalen,Denmark,domestic_cup,2019,100,2019-08-06,2020-07-01,662,298,48666,99.01,ADEQUATE
DKP,oddset-pokalen,Denmark,domestic_cup,2020,108,2020-09-01,2021-05-13,803,298,54007,100.0,ADEQUATE
DKP,oddset-pokalen,Denmark,domestic_cup,2021,109,2021-08-03,2022-05-26,673,235,45988,100.93,ADEQUATE
DKP,oddset-pokalen,Denmark,domestic_cup,2022,110,2022-07-29,2023-05-18,649,257,42066,100.92,ADEQUATE
DKP,oddset-pokalen,Denmark,domestic_cup,2023,108,2023-08-05,2024-05-09,821,295,54053,99.08,ADEQUATE
DKP,oddset-pokalen,Denmark,domestic_cup,2024,109,2024-08-05,2025-05-29,778,290,50761,100.46,ADEQUATE
DKP,oddset-pokalen,Denmark,domestic_cup,2025,107,2025-07-29,2026-03-08,879,311,56539,99.07,ADEQUATE
ECLQ,uefa-conference-league-qualifying,,other,2021,282,2021-07-06,2021-08-26,1312,459,91025,102.17,ADEQUATE
ECLQ,uefa-conference-league-qualifying,,other,2022,274,2022-07-05,2022-08-25,1377,493,88996,99.64,ADEQUATE
ECLQ,uefa-conference-league-qualifying,,other,2023,276,2023-07-12,2023-08-31,1707,588,112801,100.73,ADEQUATE
ECLQ,uefa-conference-league-qualifying,,other,2024,256,2024-07-10,2024-08-29,1955,725,127303,96.6,ADEQUATE
ECLQ,uefa-conference-league-qualifying,,other,2025,256,2025-07-08,2025-08-28,3513,1205,238050,100.0,ADEQUATE
EJPL,jupiler-pro-league-playoff-i,Belgium,other,2025,30,2026-04-04,2026-05-24,927,137,59179,100.0,ADEQUATE
EL,uefa-europa-league,,other,2012,205,2012-09-20,2013-05-15,3985,870,288011,100.0,ADEQUATE
EL,uefa-europa-league,,other,2013,205,2013-09-19,2014-05-14,3744,816,268466,100.0,ADEQUATE
EL,uefa-europa-league,,other,2014,205,2014-09-18,2015-05-27,4104,848,295053,100.0,ADEQUATE
EL,uefa-europa-league,,other,2015,205,2015-09-17,2016-05-18,4238,897,302471,100.0,ADEQUATE
EL,uefa-europa-league,,other,2016,205,2016-09-15,2017-05-24,4161,862,300173,100.0,ADEQUATE
EL,uefa-europa-league,,other,2017,205,2017-09-14,2018-05-16,3582,793,256611,100.0,ADEQUATE
EL,uefa-europa-league,,other,2018,205,2018-09-20,2019-05-29,3927,853,281324,100.0,ADEQUATE
EL,uefa-europa-league,,other,2019,197,2019-09-19,2020-08-21,3938,906,280724,99.49,ADEQUATE
EL,uefa-europa-league,,other,2020,198,2020-10-22,2021-05-26,3922,838,256338,100.51,ADEQUATE
EL,uefa-europa-league,,other,2021,139,2021-09-15,2022-05-18,3327,680,221416,98.58,ADEQUATE
EL,uefa-europa-league,,other,2022,141,2022-09-08,2023-05-31,3272,652,213202,100.0,ADEQUATE
EL,uefa-europa-league,,other,2023,141,2023-09-21,2024-05-22,3069,627,197982,100.0,ADEQUATE
EL,uefa-europa-league,,other,2024,189,2024-09-25,2025-05-21,5016,768,322936,114.89,ADEQUATE
EL,uefa-europa-league,,other,2025,188,2025-09-24,2026-05-07,5549,865,354306,100.0,ADEQUATE
ELQ,uefa-europa-league-qualifying,,other,2012,274,2012-07-03,2012-08-30,1893,785,138356,100.0,ADEQUATE
ELQ,uefa-europa-league-qualifying,,other,2013,274,2013-07-02,2013-08-29,1791,783,130037,100.0,ADEQUATE
ELQ,uefa-europa-league-qualifying,,other,2014,278,2014-07-01,2014-08-28,1797,739,131288,101.46,ADEQUATE
ELQ,uefa-europa-league-qualifying,,other,2015,270,2015-06-30,2015-08-27,1827,654,132966,100.0,ADEQUATE
ELQ,uefa-europa-league-qualifying,,other,2016,263,2016-06-28,2016-08-25,1731,607,127634,97.41,ADEQUATE
ELQ,uefa-europa-league-qualifying,,other,2017,268,2017-06-29,2017-08-24,1639,604,117585,99.26,ADEQUATE
ELQ,uefa-europa-league-qualifying,,other,2018,314,2018-06-26,2018-08-30,2051,654,149415,117.16,ADEQUATE
ELQ,uefa-europa-league-qualifying,,other,2019,314,2019-06-27,2019-08-29,2064,649,149489,117.16,ADEQUATE
ELQ,uefa-europa-league-qualifying,,other,2020,156,2020-08-18,2020-10-01,908,516,67218,100.0,ADEQUATE
ELQ,uefa-europa-league-qualifying,,other,2021,36,2021-08-03,2021-08-26,368,181,24343,100.0,ADEQUATE
ELQ,uefa-europa-league-qualifying,,other,2022,34,2022-08-04,2022-08-25,306,145,20371,94.44,ADEQUATE
ELQ,uefa-europa-league-qualifying,,other,2023,34,2023-08-08,2023-08-31,304,149,19555,94.44,ADEQUATE
ELQ,uefa-europa-league-qualifying,,other,2024,80,2024-07-11,2024-08-29,1057,409,70805,140.35,ADEQUATE
ELQ,uefa-europa-league-qualifying,,other,2025,82,2025-07-10,2025-08-28,1724,668,115400,102.5,ADEQUATE
ES1,laliga,Spain,domestic_league,2012,380,2012-08-18,2013-06-01,10553,540,747571,100.0,ADEQUATE
ES1,laliga,Spain,domestic_league,2013,380,2013-08-17,2014-05-18,10586,539,749913,100.0,ADEQUATE
ES1,laliga,Spain,domestic_league,2014,380,2014-08-23,2015-05-23,9451,468,670969,100.0,ADEQUATE
ES1,laliga,Spain,domestic_league,2015,380,2015-08-21,2016-05-15,10521,538,748089,100.0,ADEQUATE
ES1,laliga,Spain,domestic_league,2016,380,2016-08-19,2017-05-21,10559,541,750525,100.0,ADEQUATE
ES1,laliga,Spain,domestic_league,2017,380,2017-08-18,2018-05-20,10554,557,751002,100.0,ADEQUATE
ES1,laliga,Spain,domestic_league,2018,380,2018-08-17,2019-05-19,10551,521,748924,100.0,ADEQUATE
ES1,laliga,Spain,domestic_league,2019,380,2019-08-16,2020-07-19,10922,555,748344,100.0,ADEQUATE
ES1,laliga,Spain,domestic_league,2020,380,2020-09-12,2021-05-23,11139,554,715156,100.0,ADEQUATE
ES1,laliga,Spain,domestic_league,2021,380,2021-08-13,2022-05-22,11468,508,740504,100.0,ADEQUATE
ES1,laliga,Spain,domestic_league,2022,380,2022-08-12,2023-06-04,11838,583,749824,100.0,ADEQUATE
ES1,laliga,Spain,domestic_league,2023,380,2023-08-11,2024-05-26,11883,598,750205,100.0,ADEQUATE
ES1,laliga,Spain,domestic_league,2024,380,2024-08-15,2025-05-25,11899,589,750483,100.0,ADEQUATE
ES1,laliga,Spain,domestic_league,2025,380,2025-08-15,2026-05-24,11953,600,750449,100.0,ADEQUATE
EURO,uefa-euro,,national_team_competition,2007,31,2008-06-07,2008-06-29,0,0,0,100.0,REVIEW
EURO,uefa-euro,,national_team_competition,2011,31,2012-06-08,2012-07-01,0,0,0,75.61,REVIEW
EURO,uefa-euro,,national_team_competition,2015,51,2016-06-10,2016-07-10,0,0,0,100.0,REVIEW
EURO,uefa-euro,,national_team_competition,2020,51,2021-06-11,2021-07-11,0,0,0,100.0,REVIEW
EURO,uefa-euro,,national_team_competition,2023,51,2024-06-14,2024-07-14,0,0,0,100.0,REVIEW
FAC,fa-cup,England,domestic_cup,2012,156,2012-11-02,2013-05-11,972,438,71302,101.3,ADEQUATE
FAC,fa-cup,England,domestic_cup,2013,149,2013-11-08,2014-05-17,873,440,63618,98.35,ADEQUATE
FAC,fa-cup,England,domestic_cup,2014,154,2014-11-07,2015-05-30,965,432,70939,100.0,ADEQUATE
FAC,fa-cup,England,domestic_cup,2015,149,2015-11-06,2016-05-21,1089,474,79951,100.0,ADEQUATE
FAC,fa-cup,England,domestic_cup,2016,156,2016-11-04,2017-05-27,956,444,69915,104.0,ADEQUATE
FAC,fa-cup,England,domestic_cup,2017,149,2017-11-03,2018-05-19,1036,458,75708,99.33,ADEQUATE
FAC,fa-cup,England,domestic_cup,2018,150,2018-11-09,2019-05-18,900,434,66467,100.0,ADEQUATE
FAC,fa-cup,England,domestic_cup,2019,156,2019-11-08,2020-08-01,1065,482,76270,104.7,ADEQUATE
FAC,fa-cup,England,domestic_cup,2020,122,2020-11-06,2021-05-15,984,480,69577,84.72,REVIEW
FAC,fa-cup,England,domestic_cup,2021,136,2021-11-05,2022-05-14,849,425,60595,94.44,ADEQUATE
FAC,fa-cup,England,domestic_cup,2022,144,2022-11-04,2023-06-03,944,470,62189,105.88,ADEQUATE
FAC,fa-cup,England,domestic_cup,2023,148,2023-11-03,2024-05-25,1162,514,79472,108.82,ADEQUATE
FAC,fa-cup,England,domestic_cup,2024,123,2024-11-01,2025-05-17,1061,518,73109,92.13,ADEQUATE
FAC,fa-cup,England,domestic_cup,2025,122,2025-10-31,2026-04-26,1172,633,79750,99.19,ADEQUATE
FIWC,world-cup,,national_team_competition,2005,64,2006-06-09,2006-07-09,0,0,0,100.0,REVIEW
FIWC,world-cup,,national_team_competition,2009,64,2010-06-11,2010-07-11,0,0,0,100.0,REVIEW
FIWC,world-cup,,national_team_competition,2013,64,2014-06-12,2014-07-13,0,0,0,100.0,REVIEW
FIWC,world-cup,,national_team_competition,2017,64,2018-06-14,2018-07-15,0,0,0,100.0,REVIEW
FIWC,world-cup,,national_team_competition,2021,64,2022-11-20,2022-12-18,0,0,0,100.0,REVIEW
FIWC,world-cup,,national_team_competition,2025,72,2026-06-11,2026-06-28,2251,987,141054,112.5,ADEQUATE
FR1,ligue-1,France,domestic_league,2012,380,2012-08-10,2013-05-26,10433,549,749426,100.0,ADEQUATE
FR1,ligue-1,France,domestic_league,2013,380,2013-08-09,2014-05-17,10474,543,749979,100.0,ADEQUATE
FR1,ligue-1,France,domestic_league,2014,380,2014-08-08,2015-05-23,10297,528,735518,100.0,ADEQUATE
FR1,ligue-1,France,domestic_league,2015,380,2015-08-07,2016-05-14,10559,575,749528,100.0,ADEQUATE
FR1,ligue-1,France,domestic_league,2016,380,2016-08-12,2017-05-20,10496,559,748929,100.0,ADEQUATE
FR1,ligue-1,France,domestic_league,2017,380,2017-08-04,2018-05-19,10515,540,749979,100.0,ADEQUATE
FR1,ligue-1,France,domestic_league,2018,380,2018-08-10,2019-05-24,10523,541,748808,100.0,ADEQUATE
FR1,ligue-1,France,domestic_league,2019,279,2019-08-09,2020-03-08,7710,530,547816,73.42,REVIEW
FR1,ligue-1,France,domestic_league,2020,380,2020-08-21,2021-05-23,11456,574,746213,100.0,ADEQUATE
FR1,ligue-1,France,domestic_league,2021,380,2021-08-06,2022-05-21,11217,521,737155,100.0,ADEQUATE
FR1,ligue-1,France,domestic_league,2022,380,2022-08-05,2023-06-03,11529,584,748029,100.0,ADEQUATE
FR1,ligue-1,France,domestic_league,2023,306,2023-08-11,2024-05-19,9394,525,604381,100.0,ADEQUATE
FR1,ligue-1,France,domestic_league,2024,306,2024-08-16,2025-05-17,9413,542,603628,100.0,ADEQUATE
FR1,ligue-1,France,domestic_league,2025,306,2025-08-15,2026-05-17,9379,547,601294,100.0,ADEQUATE
FRCH,trophee-des-champions,France,other,2012,1,2012-07-28,2012-07-28,27,27,1969,100.0,ADEQUATE
FRCH,trophee-des-champions,France,other,2013,1,2013-08-03,2013-08-03,28,28,1983,100.0,ADEQUATE
FRCH,trophee-des-champions,France,other,2014,1,2014-08-02,2014-08-02,28,28,1980,100.0,ADEQUATE
FRCH,trophee-des-champions,France,other,2015,1,2015-08-01,2015-08-01,27,27,1954,100.0,ADEQUATE
FRCH,trophee-des-champions,France,other,2016,1,2016-08-06,2016-08-06,28,28,1980,100.0,ADEQUATE
FRCH,trophee-des-champions,France,other,2017,1,2017-07-29,2017-07-29,28,28,1981,100.0,ADEQUATE
FRCH,trophee-des-champions,France,other,2018,1,2018-08-04,2018-08-04,28,28,1980,100.0,ADEQUATE
FRCH,trophee-des-champions,France,other,2019,1,2019-08-03,2019-08-03,28,28,1980,100.0,ADEQUATE
FRCH,trophee-des-champions,France,other,2020,1,2021-01-13,2021-01-13,32,32,1981,100.0,ADEQUATE
FRCH,trophee-des-champions,France,other,2021,1,2021-08-01,2021-08-01,28,28,1895,100.0,ADEQUATE
FRCH,trophee-des-champions,France,other,2022,1,2022-07-31,2022-07-31,31,31,1971,100.0,ADEQUATE
FRCH,trophee-des-champions,France,other,2023,1,2024-01-03,2024-01-03,29,29,1980,100.0,ADEQUATE
FRCH,trophee-des-champions,France,other,2024,1,2025-01-05,2025-01-05,30,30,1980,100.0,ADEQUATE
FRCH,trophee-des-champions,France,other,2025,1,2026-01-08,2026-01-08,29,29,1981,100.0,ADEQUATE
GB1,premier-league,England,domestic_league,2012,380,2012-08-18,2013-05-19,10385,522,750086,100.0,ADEQUATE
GB1,premier-league,England,domestic_league,2013,380,2013-08-17,2014-05-11,10451,542,750887,100.0,ADEQUATE
GB1,premier-league,England,domestic_league,2014,380,2014-08-16,2015-05-24,9981,509,717977,100.0,ADEQUATE
GB1,premier-league,England,domestic_league,2015,380,2015-08-08,2016-05-17,10468,549,750862,100.0,ADEQUATE
GB1,premier-league,England,domestic_league,2016,380,2016-08-13,2017-05-21,10474,524,751531,100.0,ADEQUATE
GB1,premier-league,England,domestic_league,2017,380,2017-08-11,2018-05-13,10447,514,751281,100.0,ADEQUATE
GB1,premier-league,England,domestic_league,2018,380,2018-08-10,2019-05-12,10454,497,750017,100.0,ADEQUATE
GB1,premier-league,England,domestic_league,2019,380,2019-08-09,2020-07-26,10578,512,748741,100.0,ADEQUATE
GB1,premier-league,England,domestic_league,2020,380,2020-09-12,2021-05-23,10356,522,748588,100.0,ADEQUATE
GB1,premier-league,England,domestic_league,2021,380,2021-08-13,2022-05-22,10369,508,745270,100.0,ADEQUATE
GB1,premier-league,England,domestic_league,2022,380,2022-08-05,2023-05-28,11345,554,751715,100.0,ADEQUATE
GB1,premier-league,England,domestic_league,2023,380,2023-08-11,2024-05-19,11384,570,751192,100.0,ADEQUATE
GB1,premier-league,England,domestic_league,2024,380,2024-08-16,2025-05-25,11567,562,751230,100.0,ADEQUATE
GB1,premier-league,England,domestic_league,2025,380,2025-08-15,2026-05-24,11492,537,751209,100.0,ADEQUATE
GBCS,community-shield,England,other,2012,1,2012-08-12,2012-08-12,27,27,1932,100.0,ADEQUATE
GBCS,community-shield,England,other,2013,1,2013-08-11,2013-08-11,18,18,1137,100.0,ADEQUATE
GBCS,community-shield,England,other,2014,1,2014-08-10,2014-08-10,33,33,1980,100.0,ADEQUATE
GBCS,community-shield,England,other,2015,1,2015-08-02,2015-08-02,29,29,1980,100.0,ADEQUATE
GBCS,community-shield,England,other,2016,1,2016-08-07,2016-08-07,34,34,1981,100.0,ADEQUATE
GBCS,community-shield,England,other,2017,1,2017-08-06,2017-08-06,29,29,1970,100.0,ADEQUATE
GBCS,community-shield,England,other,2018,1,2018-08-05,2018-08-05,32,32,1981,100.0,ADEQUATE
GBCS,community-shield,England,other,2019,1,2019-08-04,2019-08-04,30,30,1980,100.0,ADEQUATE
GBCS,community-shield,England,other,2020,1,2020-08-29,2020-08-29,30,30,1981,100.0,ADEQUATE
GBCS,community-shield,England,other,2021,1,2021-08-07,2021-08-07,30,30,1899,100.0,ADEQUATE
GBCS,community-shield,England,other,2022,1,2022-07-30,2022-07-30,31,31,1982,100.0,ADEQUATE
GBCS,community-shield,England,other,2023,1,2023-08-06,2023-08-06,30,30,1980,100.0,ADEQUATE
GBCS,community-shield,England,other,2024,1,2024-08-10,2024-08-10,32,32,1982,100.0,ADEQUATE
GBCS,community-shield,England,other,2025,1,2025-08-10,2025-08-10,30,30,1981,100.0,ADEQUATE
GR1,super-league-1,Greece,domestic_league,2012,240,2012-08-25,2013-04-21,6678,455,473140,78.69,REVIEW
GR1,super-league-1,Greece,domestic_league,2013,306,2013-08-17,2014-04-13,8377,533,593789,112.29,ADEQUATE
GR1,super-league-1,Greece,domestic_league,2014,305,2014-08-23,2015-05-10,7630,475,539845,127.08,ADEQUATE
GR1,super-league-1,Greece,domestic_league,2015,240,2015-08-22,2016-04-17,6658,461,472133,100.0,ADEQUATE
GR1,super-league-1,Greece,domestic_league,2016,240,2016-09-10,2017-04-30,6694,462,473601,100.0,ADEQUATE
GR1,super-league-1,Greece,domestic_league,2017,240,2017-08-19,2018-05-07,6662,457,471915,100.0,ADEQUATE
GR1,super-league-1,Greece,domestic_league,2018,240,2018-08-25,2019-05-05,6686,452,473917,100.0,ADEQUATE
GR1,super-league-1,Greece,domestic_league,2019,182,2019-08-24,2020-03-01,5069,379,359383,100.0,ADEQUATE
GR1,super-league-1,Greece,domestic_league,2020,182,2020-09-11,2021-03-14,5473,430,355715,100.0,ADEQUATE
GR1,super-league-1,Greece,domestic_league,2021,182,2021-09-11,2022-03-06,5363,362,350320,100.0,ADEQUATE
GR1,super-league-1,Greece,domestic_league,2022,182,2022-08-19,2023-03-12,5519,427,359405,100.0,ADEQUATE
GR1,super-league-1,Greece,domestic_league,2023,182,2023-08-18,2024-03-03,5642,427,358262,100.0,ADEQUATE
GR1,super-league-1,Greece,domestic_league,2024,182,2024-08-17,2025-03-09,5641,411,358632,100.0,ADEQUATE
GR1,super-league-1,Greece,domestic_league,2025,182,2025-08-23,2026-03-22,5660,432,358953,100.0,ADEQUATE
GRP,kypello-elladas,Greece,domestic_cup,2012,91,2012-10-24,2013-05-11,1144,395,83428,100.0,ADEQUATE
GRP,kypello-elladas,Greece,domestic_cup,2013,75,2013-09-14,2014-04-26,1130,439,80432,87.21,ADEQUATE
GRP,kypello-elladas,Greece,domestic_cup,2014,105,2014-08-28,2015-05-23,1222,425,87291,129.63,ADEQUATE
GRP,kypello-elladas,Greece,domestic_cup,2015,81,2015-09-09,2016-05-17,1395,428,98899,100.0,ADEQUATE
GRP,kypello-elladas,Greece,domestic_cup,2016,81,2016-09-14,2017-05-06,1380,422,98461,100.0,ADEQUATE
GRP,kypello-elladas,Greece,domestic_cup,2017,79,2017-08-20,2018-05-12,1402,423,99953,97.53,ADEQUATE
GRP,kypello-elladas,Greece,domestic_cup,2018,118,2018-08-26,2019-05-11,1404,461,101406,145.68,ADEQUATE
GRP,kypello-elladas,Greece,domestic_cup,2019,107,2019-08-24,2020-09-12,990,354,71368,100.0,ADEQUATE
GRP,kypello-elladas,Greece,domestic_cup,2020,25,2021-01-20,2021-05-22,772,324,49339,23.36,REVIEW
GRP,kypello-elladas,Greece,domestic_cup,2021,123,2021-08-28,2022-05-21,787,291,52804,128.12,ADEQUATE
GRP,kypello-elladas,Greece,domestic_cup,2022,96,2022-08-31,2023-05-24,793,314,51077,103.23,ADEQUATE
GRP,kypello-elladas,Greece,domestic_cup,2023,92,2023-08-26,2024-05-25,894,330,58868,98.92,ADEQUATE
GRP,kypello-elladas,Greece,domestic_cup,2024,93,2024-08-31,2025-05-17,868,331,56001,100.54,ADEQUATE
GRP,kypello-elladas,Greece,domestic_cup,2025,64,2025-08-18,2026-04-25,1324,382,85321,69.57,REVIEW
IT1,serie-a,Italy,domestic_league,2012,380,2012-08-25,2013-05-19,10521,582,747368,100.0,ADEQUATE
IT1,serie-a,Italy,domestic_league,2013,380,2013-08-24,2014-05-18,10581,570,750076,100.0,ADEQUATE
IT1,serie-a,Italy,domestic_league,2014,380,2014-08-30,2015-05-31,10106,549,716040,100.0,ADEQUATE
IT1,serie-a,Italy,domestic_league,2015,380,2015-08-22,2016-05-15,10593,551,749489,100.0,ADEQUATE
IT1,serie-a,Italy,domestic_league,2016,380,2016-08-20,2017-05-28,10607,560,750529,100.0,ADEQUATE
IT1,serie-a,Italy,domestic_league,2017,380,2017-08-19,2018-05-20,10587,533,750052,100.0,ADEQUATE
IT1,serie-a,Italy,domestic_league,2018,380,2018-08-18,2019-05-26,10549,531,750437,100.0,ADEQUATE
IT1,serie-a,Italy,domestic_league,2019,380,2019-08-24,2020-08-02,10956,572,750345,100.0,ADEQUATE
IT1,serie-a,Italy,domestic_league,2020,380,2020-09-19,2021-05-23,11622,593,749255,100.0,ADEQUATE
IT1,serie-a,Italy,domestic_league,2021,380,2021-08-21,2022-05-22,11456,542,740740,100.0,ADEQUATE
IT1,serie-a,Italy,domestic_league,2022,380,2022-08-13,2023-06-04,11885,577,751182,100.0,ADEQUATE
IT1,serie-a,Italy,domestic_league,2023,380,2023-08-19,2024-06-02,11910,590,751435,100.0,ADEQUATE
IT1,serie-a,Italy,domestic_league,2024,380,2024-08-17,2025-05-25,11888,599,750303,100.0,ADEQUATE
IT1,serie-a,Italy,domestic_league,2025,380,2025-08-23,2026-05-24,11926,585,750807,100.0,ADEQUATE
JAP1,j1-league,Japan,domestic_league,2024,296,2025-02-14,2025-12-06,0,0,0,100.0,REVIEW
KLUB,FIFA Club World Cup,International,international_cup,2012,8,2012-12-06,2012-12-16,28,16,1980,100.0,ADEQUATE
KLUB,FIFA Club World Cup,International,international_cup,2013,8,2013-12-11,2013-12-21,28,16,1980,100.0,ADEQUATE
KLUB,FIFA Club World Cup,International,international_cup,2014,8,2014-12-10,2014-12-20,28,17,1980,100.0,ADEQUATE
KLUB,FIFA Club World Cup,International,international_cup,2015,8,2015-12-10,2015-12-20,32,20,2340,100.0,ADEQUATE
KLUB,FIFA Club World Cup,International,international_cup,2016,8,2016-12-08,2016-12-18,30,17,2490,100.0,ADEQUATE
KLUB,FIFA Club World Cup,International,international_cup,2017,8,2017-12-06,2017-12-16,28,18,2070,100.0,ADEQUATE
KLUB,FIFA Club World Cup,International,international_cup,2018,8,2018-12-12,2018-12-22,30,17,2160,100.0,ADEQUATE
KLUB,FIFA Club World Cup,International,international_cup,2019,8,2019-12-10,2019-12-21,29,15,2311,100.0,ADEQUATE
KLUB,FIFA Club World Cup,International,international_cup,2020,7,2021-02-04,2021-02-11,31,18,1980,87.5,ADEQUATE
KLUB,FIFA Club World Cup,International,international_cup,2021,8,2022-02-03,2022-02-12,30,19,2310,114.29,ADEQUATE
KLUB,FIFA Club World Cup,International,international_cup,2022,7,2023-02-01,2023-02-11,34,22,2185,100.0,ADEQUATE
KLUB,FIFA Club World Cup,International,international_cup,2023,7,2023-12-12,2023-12-22,37,20,2405,93.33,ADEQUATE
KLUB,FIFA Club World Cup,International,international_cup,2025,63,2025-06-15,2025-07-13,1443,443,91623,900.0,ADEQUATE
KR1,supersport-hnl,Croatia,domestic_league,2024,168,2024-08-02,2025-05-25,0,0,0,96.55,REVIEW
KR1,supersport-hnl,Croatia,domestic_league,2025,180,2025-08-01,2026-05-23,0,0,0,103.45,REVIEW
L1,bundesliga,Germany,domestic_league,2012,306,2012-08-24,2013-05-18,8461,471,604248,100.0,ADEQUATE
L1,bundesliga,Germany,domestic_league,2013,306,2013-08-09,2014-05-10,8466,467,604580,100.0,ADEQUATE
L1,bundesliga,Germany,domestic_league,2014,306,2014-08-22,2015-05-23,8426,452,600931,100.0,ADEQUATE
L1,bundesliga,Germany,domestic_league,2015,306,2015-08-14,2016-05-14,8483,477,605032,100.0,ADEQUATE
L1,bundesliga,Germany,domestic_league,2016,306,2016-08-26,2017-05-20,8509,470,604615,100.0,ADEQUATE
L1,bundesliga,Germany,domestic_league,2017,306,2017-08-18,2018-05-12,8508,472,604648,100.0,ADEQUATE
L1,bundesliga,Germany,domestic_league,2018,306,2018-08-24,2019-05-18,8496,468,604896,100.0,ADEQUATE
L1,bundesliga,Germany,domestic_league,2019,306,2019-08-16,2020-06-27,8749,487,604523,100.0,ADEQUATE
L1,bundesliga,Germany,domestic_league,2020,306,2020-09-18,2021-05-22,9253,495,604265,100.0,ADEQUATE
L1,bundesliga,Germany,domestic_league,2021,306,2021-08-13,2022-05-14,9244,480,599013,100.0,ADEQUATE
L1,bundesliga,Germany,domestic_league,2022,306,2022-08-05,2023-05-27,9412,503,599611,100.0,ADEQUATE
L1,bundesliga,Germany,domestic_league,2023,306,2023-08-18,2024-05-18,9526,494,604426,100.0,ADEQUATE
L1,bundesliga,Germany,domestic_league,2024,306,2024-08-23,2025-05-17,9528,481,604555,100.0,ADEQUATE
L1,bundesliga,Germany,domestic_league,2025,306,2025-08-22,2026-05-16,9552,497,604725,100.0,ADEQUATE
MEX1,liga-mx-clausura,Mexico,domestic_league,2024,88,2025-01-11,2025-04-21,0,0,0,73.03,REVIEW
MEX1,liga-mx-clausura,Mexico,domestic_league,2025,153,2026-01-10,2026-04-27,0,0,0,126.97,REVIEW
MLS1,major-league-soccer,United States,domestic_league,2024,509,2025-02-22,2025-10-19,0,0,0,140.03,REVIEW
MLS1,major-league-soccer,United States,domestic_league,2025,218,2026-02-21,2026-05-25,0,0,0,59.97,REVIEW
NL1,eredivisie,Netherlands,domestic_league,2012,306,2012-08-10,2013-05-12,8286,457,603579,100.0,ADEQUATE
NL1,eredivisie,Netherlands,domestic_league,2013,306,2013-08-02,2014-05-03,8347,450,604261,100.0,ADEQUATE
NL1,eredivisie,Netherlands,domestic_league,2014,306,2014-08-08,2015-05-17,8387,464,604170,100.0,ADEQUATE
NL1,eredivisie,Netherlands,domestic_league,2015,306,2015-08-08,2016-05-08,8361,458,604694,100.0,ADEQUATE
NL1,eredivisie,Netherlands,domestic_league,2016,306,2016-08-05,2017-05-14,8440,477,604512,100.0,ADEQUATE
NL1,eredivisie,Netherlands,domestic_league,2017,306,2017-08-11,2018-05-06,8375,472,604987,100.0,ADEQUATE
NL1,eredivisie,Netherlands,domestic_league,2018,306,2018-08-10,2019-05-15,8396,466,604085,100.0,ADEQUATE
NL1,eredivisie,Netherlands,domestic_league,2019,232,2019-08-02,2020-03-08,6378,470,458508,75.82,REVIEW
NL1,eredivisie,Netherlands,domestic_league,2020,306,2020-09-12,2021-05-16,8600,489,572077,100.0,ADEQUATE
NL1,eredivisie,Netherlands,domestic_league,2021,306,2021-08-13,2022-05-15,8900,457,590789,100.0,ADEQUATE
NL1,eredivisie,Netherlands,domestic_league,2022,306,2022-08-05,2023-05-28,9280,513,604675,100.0,ADEQUATE
NL1,eredivisie,Netherlands,domestic_league,2023,306,2023-08-11,2024-05-19,9388,516,604435,100.0,ADEQUATE
NL1,eredivisie,Netherlands,domestic_league,2024,306,2024-08-09,2025-05-18,9433,519,604594,100.0,ADEQUATE
NL1,eredivisie,Netherlands,domestic_league,2025,306,2025-08-08,2026-05-17,9448,530,604646,100.0,ADEQUATE
NLP,knvb-beker,Netherlands,domestic_cup,2012,67,2012-08-21,2013-05-09,752,342,57030,82.72,REVIEW
NLP,knvb-beker,Netherlands,domestic_cup,2013,81,2013-08-28,2014-04-20,830,362,63222,98.18,ADEQUATE
NLP,knvb-beker,Netherlands,domestic_cup,2014,84,2014-08-26,2015-05-03,776,339,59164,101.2,ADEQUATE
NLP,knvb-beker,Netherlands,domestic_cup,2015,84,2015-08-26,2016-04-24,675,334,52453,100.0,ADEQUATE
NLP,knvb-beker,Netherlands,domestic_cup,2016,83,2016-08-17,2017-04-30,738,349,56025,98.81,ADEQUATE
NLP,knvb-beker,Netherlands,domestic_cup,2017,91,2017-08-19,2018-04-22,763,360,56331,100.0,ADEQUATE
NLP,knvb-beker,Netherlands,domestic_cup,2018,98,2018-08-18,2019-05-05,786,367,58467,107.69,ADEQUATE
NLP,knvb-beker,Netherlands,domestic_cup,2019,98,2019-08-17,2020-03-05,668,348,50503,107.69,ADEQUATE
NLP,knvb-beker,Netherlands,domestic_cup,2020,83,2020-08-29,2021-04-18,609,339,41395,93.26,ADEQUATE
NLP,knvb-beker,Netherlands,domestic_cup,2021,89,2021-08-14,2022-04-17,802,360,53197,100.0,ADEQUATE
NLP,knvb-beker,Netherlands,domestic_cup,2022,85,2022-08-13,2023-04-30,770,389,52510,95.51,ADEQUATE
NLP,knvb-beker,Netherlands,domestic_cup,2023,106,2023-08-12,2024-04-21,719,374,48348,100.0,ADEQUATE
NLP,knvb-beker,Netherlands,domestic_cup,2024,109,2024-09-03,2025-04-21,802,396,53997,101.87,ADEQUATE
NLP,knvb-beker,Netherlands,domestic_cup,2025,108,2025-09-02,2026-04-19,884,418,58080,100.0,ADEQUATE
NLSC,johan-cruijff-schaal,Netherlands,other,2012,1,2012-08-05,2012-08-05,27,27,1980,100.0,ADEQUATE
NLSC,johan-cruijff-schaal,Netherlands,other,2013,1,2013-07-27,2013-07-27,28,28,2007,100.0,ADEQUATE
NLSC,johan-cruijff-schaal,Netherlands,other,2014,1,2014-08-03,2014-08-03,27,27,1980,100.0,ADEQUATE
NLSC,johan-cruijff-schaal,Netherlands,other,2015,1,2015-08-02,2015-08-02,28,28,1980,100.0,ADEQUATE
NLSC,johan-cruijff-schaal,Netherlands,other,2016,1,2016-07-31,2016-07-31,26,26,1980,100.0,ADEQUATE
NLSC,johan-cruijff-schaal,Netherlands,other,2017,1,2017-08-05,2017-08-05,26,26,1980,100.0,ADEQUATE
NLSC,johan-cruijff-schaal,Netherlands,other,2018,1,2018-08-04,2018-08-04,27,27,1980,100.0,ADEQUATE
NLSC,johan-cruijff-schaal,Netherlands,other,2019,1,2019-07-27,2019-07-27,28,28,1980,100.0,ADEQUATE
NLSC,johan-cruijff-schaal,Netherlands,other,2021,1,2021-08-07,2021-08-07,30,30,1892,100.0,ADEQUATE
NLSC,johan-cruijff-schaal,Netherlands,other,2022,1,2022-07-30,2022-07-30,32,32,1968,100.0,ADEQUATE
NLSC,johan-cruijff-schaal,Netherlands,other,2023,1,2023-08-04,2023-08-04,31,31,1980,100.0,ADEQUATE
NLSC,johan-cruijff-schaal,Netherlands,other,2024,1,2024-08-04,2024-08-04,31,31,1981,100.0,ADEQUATE
NLSC,johan-cruijff-schaal,Netherlands,other,2025,1,2025-08-03,2025-08-03,29,29,1980,100.0,ADEQUATE
NO1,eliteserien,Norway,domestic_league,2024,240,2025-03-29,2025-11-30,0,0,0,145.9,REVIEW
NO1,eliteserien,Norway,domestic_league,2025,89,2026-03-14,2026-05-30,0,0,0,54.1,REVIEW
PL1,pko-bp-ekstraklasa,Poland,domestic_league,2024,306,2024-07-19,2025-05-24,0,0,0,100.0,REVIEW
PL1,pko-bp-ekstraklasa,Poland,domestic_league,2025,306,2025-07-18,2026-05-23,0,0,0,100.0,REVIEW
PO1,liga-portugal,Portugal,domestic_league,2012,240,2012-08-17,2013-05-19,6644,445,470291,100.0,ADEQUATE
PO1,liga-portugal,Portugal,domestic_league,2013,240,2013-08-16,2014-05-11,6662,457,470206,87.91,ADEQUATE
PO1,liga-portugal,Portugal,domestic_league,2014,306,2014-08-15,2015-05-23,7583,472,535889,100.0,ADEQUATE
PO1,liga-portugal,Portugal,domestic_league,2015,306,2015-08-14,2016-05-15,8286,516,584305,100.0,ADEQUATE
PO1,liga-portugal,Portugal,domestic_league,2016,306,2016-08-12,2017-05-21,8535,522,603925,100.0,ADEQUATE
PO1,liga-portugal,Portugal,domestic_league,2017,306,2017-08-06,2018-05-13,8544,507,603805,100.0,ADEQUATE
PO1,liga-portugal,Portugal,domestic_league,2018,306,2018-08-10,2019-05-19,8445,506,599651,100.0,ADEQUATE
PO1,liga-portugal,Portugal,domestic_league,2019,306,2019-08-09,2020-07-26,8714,553,600172,100.0,ADEQUATE
PO1,liga-portugal,Portugal,domestic_league,2020,306,2020-09-18,2021-05-19,9386,532,604248,100.0,ADEQUATE
PO1,liga-portugal,Portugal,domestic_league,2021,306,2021-08-06,2022-05-15,8979,490,578377,100.0,ADEQUATE
PO1,liga-portugal,Portugal,domestic_league,2022,306,2022-08-05,2023-05-27,9551,578,603493,100.0,ADEQUATE
PO1,liga-portugal,Portugal,domestic_league,2023,306,2023-08-11,2024-05-18,9543,525,601541,100.0,ADEQUATE
PO1,liga-portugal,Portugal,domestic_league,2024,306,2024-08-09,2025-05-17,9571,568,604813,100.0,ADEQUATE
PO1,liga-portugal,Portugal,domestic_league,2025,306,2025-08-08,2026-05-16,9493,560,598383,100.0,ADEQUATE
POBE,jupiler-pro-league-europe-play-offs,Belgium,other,2025,30,2026-04-03,2026-05-23,931,140,59194,100.0,ADEQUATE
POCP,Portuguese League Cup,Portugal,domestic_cup,2012,64,2012-07-28,2013-04-13,891,362,62738,90.14,ADEQUATE
POCP,Portuguese League Cup,Portugal,domestic_cup,2013,71,2013-07-27,2014-05-07,848,367,60512,105.19,ADEQUATE
POCP,Portuguese League Cup,Portugal,domestic_cup,2014,83,2014-07-25,2015-05-29,1024,412,72861,129.69,ADEQUATE
POCP,Portuguese League Cup,Portugal,domestic_cup,2015,48,2015-08-01,2016-05-20,703,349,50141,100.0,ADEQUATE
POCP,Portuguese League Cup,Portugal,domestic_cup,2016,46,2016-07-30,2017-01-29,824,385,58395,100.0,ADEQUATE
POCP,Portuguese League Cup,Portugal,domestic_cup,2017,44,2017-07-23,2018-01-27,806,376,57183,97.78,ADEQUATE
POCP,Portuguese League Cup,Portugal,domestic_cup,2018,43,2018-07-21,2019-01-26,838,389,59550,97.73,ADEQUATE
POCP,Portuguese League Cup,Portugal,domestic_cup,2019,45,2019-07-27,2020-01-25,792,370,55918,104.65,ADEQUATE
POCP,Portuguese League Cup,Portugal,domestic_cup,2020,7,2020-12-15,2021-01-23,185,112,12546,16.28,REVIEW
POCP,Portuguese League Cup,Portugal,domestic_cup,2021,37,2021-07-23,2022-01-29,620,322,40714,100.0,ADEQUATE
POCP,Portuguese League Cup,Portugal,domestic_cup,2022,63,2022-11-17,2023-01-28,1124,438,70166,170.27,ADEQUATE
POCP,Portuguese League Cup,Portugal,domestic_cup,2023,37,2023-07-21,2024-01-27,673,355,42160,100.0,ADEQUATE
POCP,Portuguese League Cup,Portugal,domestic_cup,2024,7,2024-10-29,2025-01-11,221,149,13830,31.82,REVIEW
POCP,Portuguese League Cup,Portugal,domestic_cup,2025,7,2025-10-28,2026-01-10,220,147,13786,100.0,ADEQUATE
POSU,supercup-candido-de-oliveira,Portugal,other,2012,1,2012-08-11,2012-08-11,25,25,1802,100.0,ADEQUATE
POSU,supercup-candido-de-oliveira,Portugal,other,2013,1,2013-08-10,2013-08-10,28,28,1980,100.0,ADEQUATE
POSU,supercup-candido-de-oliveira,Portugal,other,2014,1,2014-08-10,2014-08-10,28,28,2640,100.0,ADEQUATE
POSU,supercup-candido-de-oliveira,Portugal,other,2015,1,2015-08-09,2015-08-09,26,26,1873,100.0,ADEQUATE
POSU,supercup-candido-de-oliveira,Portugal,other,2016,1,2016-08-07,2016-08-07,28,28,1980,100.0,ADEQUATE
POSU,supercup-candido-de-oliveira,Portugal,other,2017,1,2017-08-05,2017-08-05,28,28,1980,100.0,ADEQUATE
POSU,supercup-candido-de-oliveira,Portugal,other,2018,1,2018-08-04,2018-08-04,28,28,1980,100.0,ADEQUATE
POSU,supercup-candido-de-oliveira,Portugal,other,2019,1,2019-08-04,2019-08-04,28,28,1980,100.0,ADEQUATE
POSU,supercup-candido-de-oliveira,Portugal,other,2020,1,2020-12-23,2020-12-23,31,31,1981,100.0,ADEQUATE
POSU,supercup-candido-de-oliveira,Portugal,other,2021,1,2021-07-31,2021-07-31,30,30,1945,100.0,ADEQUATE
POSU,supercup-candido-de-oliveira,Portugal,other,2022,1,2022-07-30,2022-07-30,16,16,990,100.0,ADEQUATE
POSU,supercup-candido-de-oliveira,Portugal,other,2023,1,2023-08-09,2023-08-09,32,32,1981,100.0,ADEQUATE
POSU,supercup-candido-de-oliveira,Portugal,other,2024,1,2024-08-03,2024-08-03,33,33,2640,100.0,ADEQUATE
POSU,supercup-candido-de-oliveira,Portugal,other,2025,1,2025-07-31,2025-07-31,32,32,1981,100.0,ADEQUATE
RO1,superliga,Romania,domestic_league,2024,240,2024-07-12,2025-03-09,0,0,0,100.0,REVIEW
RO1,superliga,Romania,domestic_league,2025,240,2025-07-11,2026-03-09,0,0,0,100.0,REVIEW
RSK1,k-league-1,"Korea, South",domestic_league,2024,135,2025-02-15,2025-11-30,0,0,0,116.88,REVIEW
RSK1,k-league-1,"Korea, South",domestic_league,2025,96,2026-02-28,2026-07-05,0,0,0,83.12,REVIEW
RU1,premier-liga,Russia,domestic_league,2012,240,2012-07-20,2013-05-26,6576,455,471990,100.0,ADEQUATE
RU1,premier-liga,Russia,domestic_league,2013,240,2013-07-14,2014-05-15,6593,439,473611,100.0,ADEQUATE
RU1,premier-liga,Russia,domestic_league,2014,240,2014-08-01,2015-05-30,6205,407,444861,100.0,ADEQUATE
RU1,premier-liga,Russia,domestic_league,2015,240,2015-07-17,2016-05-21,6587,423,474330,100.0,ADEQUATE
RU1,premier-liga,Russia,domestic_league,2016,240,2016-07-30,2017-05-21,6603,457,473981,100.0,ADEQUATE
RU1,premier-liga,Russia,domestic_league,2017,240,2017-07-15,2018-05-13,6590,439,474555,100.0,ADEQUATE
RU1,premier-liga,Russia,domestic_league,2018,240,2018-07-28,2019-05-26,6557,412,472771,100.0,ADEQUATE
RU1,premier-liga,Russia,domestic_league,2019,240,2019-07-12,2020-07-22,6606,479,465632,100.0,ADEQUATE
RU1,premier-liga,Russia,domestic_league,2020,240,2020-08-08,2021-05-16,7048,482,468909,100.0,ADEQUATE
RU1,premier-liga,Russia,domestic_league,2021,240,2021-07-23,2022-05-21,6622,389,442586,100.0,ADEQUATE
RU1,premier-liga,Russia,domestic_league,2022,240,2022-07-15,2023-06-03,7394,481,473324,100.0,ADEQUATE
RU1,premier-liga,Russia,domestic_league,2023,240,2023-07-21,2024-05-25,7322,460,474372,100.0,ADEQUATE
RU1,premier-liga,Russia,domestic_league,2024,240,2024-07-20,2025-05-24,7372,466,474004,100.0,ADEQUATE
RU1,premier-liga,Russia,domestic_league,2025,240,2025-07-18,2026-05-17,7322,470,473753,100.0,ADEQUATE
RUP,russian-cup,Russia,domestic_cup,2012,106,2012-07-11,2013-06-01,581,332,45058,100.0,ADEQUATE
RUP,russian-cup,Russia,domestic_cup,2013,109,2013-07-07,2014-05-08,482,304,38540,103.81,ADEQUATE
RUP,russian-cup,Russia,domestic_cup,2014,104,2014-07-08,2015-05-21,542,300,43416,100.0,ADEQUATE
RUP,russian-cup,Russia,domestic_cup,2015,100,2015-07-15,2016-05-02,611,336,47095,100.0,ADEQUATE
RUP,russian-cup,Russia,domestic_cup,2016,95,2016-07-15,2017-05-02,563,330,44716,97.94,ADEQUATE
RUP,russian-cup,Russia,domestic_cup,2017,96,2017-07-13,2018-05-09,444,293,35798,100.0,ADEQUATE
RUP,russian-cup,Russia,domestic_cup,2018,97,2018-07-21,2019-05-22,800,367,60482,101.04,ADEQUATE
RUP,russian-cup,Russia,domestic_cup,2019,95,2019-07-20,2020-07-25,521,313,39431,97.94,ADEQUATE
RUP,russian-cup,Russia,domestic_cup,2020,99,2020-08-05,2021-05-12,704,370,45840,100.0,ADEQUATE
RUP,russian-cup,Russia,domestic_cup,2021,109,2021-07-14,2022-05-29,556,291,35966,100.0,ADEQUATE
RUP,russian-cup,Russia,domestic_cup,2022,156,2022-08-16,2023-06-11,2186,454,140842,100.0,ADEQUATE
RUP,russian-cup,Russia,domestic_cup,2023,161,2023-07-25,2024-06-02,2274,481,142980,102.55,ADEQUATE
RUP,russian-cup,Russia,domestic_cup,2024,161,2024-07-30,2025-06-01,2288,483,143970,101.26,ADEQUATE
RUP,russian-cup,Russia,domestic_cup,2025,157,2025-07-29,2026-05-07,2331,482,145171,97.52,ADEQUATE
RUSS,russian-super-cup,Russia,other,2012,1,2012-07-14,2012-07-14,28,28,1980,100.0,ADEQUATE
RUSS,russian-super-cup,Russia,other,2013,1,2013-07-13,2013-07-13,28,28,1980,100.0,ADEQUATE
RUSS,russian-super-cup,Russia,other,2014,1,2014-07-26,2014-07-26,27,27,1924,100.0,ADEQUATE
RUSS,russian-super-cup,Russia,other,2015,1,2015-07-12,2015-07-12,28,28,2641,100.0,ADEQUATE
RUSS,russian-super-cup,Russia,other,2016,1,2016-07-23,2016-07-23,28,28,1980,100.0,ADEQUATE
RUSS,russian-super-cup,Russia,other,2017,1,2017-07-14,2017-07-14,26,26,2640,100.0,ADEQUATE
RUSS,russian-super-cup,Russia,other,2018,1,2018-07-27,2018-07-27,30,30,2634,100.0,ADEQUATE
RUSS,russian-super-cup,Russia,other,2019,1,2019-07-06,2019-07-06,28,28,1981,100.0,ADEQUATE
RUSS,russian-super-cup,Russia,other,2020,1,2020-08-07,2020-08-07,30,30,1981,100.0,ADEQUATE
RUSS,russian-super-cup,Russia,other,2021,1,2021-07-17,2021-07-17,28,28,1632,100.0,ADEQUATE
RUSS,russian-super-cup,Russia,other,2022,1,2022-07-09,2022-07-09,32,32,1980,100.0,ADEQUATE
RUSS,russian-super-cup,Russia,other,2023,1,2023-07-15,2023-07-15,32,32,1982,100.0,ADEQUATE
RUSS,russian-super-cup,Russia,other,2024,1,2024-07-13,2024-07-13,31,31,1980,100.0,ADEQUATE
RUSS,russian-super-cup,Russia,other,2025,1,2025-07-12,2025-07-12,31,31,1980,100.0,ADEQUATE
SA1,saudi-pro-league,Saudi Arabia,domestic_league,2024,306,2024-08-22,2025-05-26,0,0,0,100.0,REVIEW
SA1,saudi-pro-league,Saudi Arabia,domestic_league,2025,306,2025-08-28,2026-05-21,0,0,0,100.0,REVIEW
SC1,scottish-premiership,Scotland,domestic_league,2012,228,2012-08-04,2013-05-19,6167,337,447818,100.0,ADEQUATE
SC1,scottish-premiership,Scotland,domestic_league,2013,228,2013-08-02,2014-05-11,6197,320,450478,100.0,ADEQUATE
SC1,scottish-premiership,Scotland,domestic_league,2014,228,2014-08-09,2015-05-24,6113,335,441580,100.0,ADEQUATE
SC1,scottish-premiership,Scotland,domestic_league,2015,228,2015-08-01,2016-05-15,6222,357,450288,100.0,ADEQUATE
SC1,scottish-premiership,Scotland,domestic_league,2016,228,2016-08-06,2017-05-21,6215,346,450614,100.0,ADEQUATE
SC1,scottish-premiership,Scotland,domestic_league,2017,198,2017-08-05,2018-04-14,5457,340,391131,100.0,ADEQUATE
SC1,scottish-premiership,Scotland,domestic_league,2018,198,2018-08-04,2019-04-07,5421,364,390070,100.0,ADEQUATE
SC1,scottish-premiership,Scotland,domestic_league,2019,179,2019-08-03,2020-03-11,4943,334,353431,90.4,ADEQUATE
SC1,scottish-premiership,Scotland,domestic_league,2020,198,2020-08-01,2021-03-21,5548,339,382391,100.0,ADEQUATE
SC1,scottish-premiership,Scotland,domestic_league,2021,198,2021-07-31,2022-04-10,4946,290,353914,100.0,ADEQUATE
SC1,scottish-premiership,Scotland,domestic_league,2022,198,2022-07-30,2023-04-23,5884,348,387042,100.0,ADEQUATE
SC1,scottish-premiership,Scotland,domestic_league,2023,198,2023-08-05,2024-04-17,5913,351,391321,100.0,ADEQUATE
SC1,scottish-premiership,Scotland,domestic_league,2024,198,2024-08-03,2025-04-13,6050,363,391176,100.0,ADEQUATE
SC1,scottish-premiership,Scotland,domestic_league,2025,198,2025-08-02,2026-04-12,6113,369,391092,100.0,ADEQUATE
SCI,supercoppa-italiana,Italy,other,2012,1,2012-08-11,2012-08-11,28,28,2576,100.0,ADEQUATE
SCI,supercoppa-italiana,Italy,other,2013,1,2013-08-18,2013-08-18,28,28,1980,100.0,ADEQUATE
SCI,supercoppa-italiana,Italy,other,2014,1,2014-12-22,2014-12-22,27,27,2534,100.0,ADEQUATE
SCI,supercoppa-italiana,Italy,other,2015,1,2015-08-08,2015-08-08,28,28,1981,100.0,ADEQUATE
SCI,supercoppa-italiana,Italy,other,2016,1,2016-12-23,2016-12-23,28,28,2640,100.0,ADEQUATE
SCI,supercoppa-italiana,Italy,other,2017,1,2017-08-13,2017-08-13,28,28,1980,100.0,ADEQUATE
SCI,supercoppa-italiana,Italy,other,2018,1,2019-01-16,2019-01-16,28,28,1964,100.0,ADEQUATE
SCI,supercoppa-italiana,Italy,other,2019,1,2019-12-22,2019-12-22,28,28,1980,100.0,ADEQUATE
SCI,supercoppa-italiana,Italy,other,2020,1,2021-01-20,2021-01-20,29,29,1980,100.0,ADEQUATE
SCI,supercoppa-italiana,Italy,other,2021,1,2022-01-12,2022-01-12,31,31,2640,100.0,ADEQUATE
SCI,supercoppa-italiana,Italy,other,2022,1,2023-01-18,2023-01-18,32,32,1980,100.0,ADEQUATE
SCI,supercoppa-italiana,Italy,other,2023,3,2024-01-18,2024-01-22,96,67,5911,100.0,ADEQUATE
SCI,supercoppa-italiana,Italy,other,2024,3,2025-01-02,2025-01-06,94,67,5940,100.0,ADEQUATE
SCI,supercoppa-italiana,Italy,other,2025,3,2025-12-18,2025-12-22,92,64,5940,100.0,ADEQUATE
SE1,allsvenskan,Sweden,domestic_league,2024,240,2025-03-29,2025-11-09,0,0,0,145.9,REVIEW
SE1,allsvenskan,Sweden,domestic_league,2025,89,2026-04-04,2026-07-06,0,0,0,54.1,REVIEW
SER1,super-liga-srbije,Serbia,domestic_league,2024,240,2024-07-19,2025-04-07,0,0,0,100.0,REVIEW
SER1,super-liga-srbije,Serbia,domestic_league,2025,240,2025-07-19,2026-04-09,0,0,0,100.0,REVIEW
SFA,scottish-fa-cup,Scotland,domestic_cup,2012,100,2012-08-04,2013-05-26,537,253,39628,100.0,ADEQUATE
SFA,scottish-fa-cup,Scotland,domestic_cup,2013,98,2013-09-14,2014-05-17,434,224,32067,98.99,ADEQUATE
SFA,scottish-fa-cup,Scotland,domestic_cup,2014,105,2014-08-16,2015-05-30,421,214,31115,107.14,ADEQUATE
SFA,scottish-fa-cup,Scotland,domestic_cup,2015,91,2015-09-05,2016-05-21,508,234,37980,100.0,ADEQUATE
SFA,scottish-fa-cup,Scotland,domestic_cup,2016,79,2016-09-03,2017-05-27,532,250,39043,95.18,ADEQUATE
SFA,scottish-fa-cup,Scotland,domestic_cup,2017,55,2017-09-02,2018-05-19,533,254,39022,66.27,REVIEW
SFA,scottish-fa-cup,Scotland,domestic_cup,2018,83,2018-08-11,2019-05-25,587,262,43308,100.0,ADEQUATE
SFA,scottish-fa-cup,Scotland,domestic_cup,2019,95,2019-08-10,2020-12-20,625,291,46162,100.0,ADEQUATE
SFA,scottish-fa-cup,Scotland,domestic_cup,2020,99,2020-11-28,2021-05-22,559,251,42411,100.0,ADEQUATE
SFA,scottish-fa-cup,Scotland,domestic_cup,2021,125,2021-08-28,2022-05-21,534,249,39014,122.55,ADEQUATE
SFA,scottish-fa-cup,Scotland,domestic_cup,2022,126,2022-08-26,2023-06-03,482,269,31497,123.53,ADEQUATE
SFA,scottish-fa-cup,Scotland,domestic_cup,2023,102,2023-08-12,2024-05-25,576,288,38658,88.7,ADEQUATE
SFA,scottish-fa-cup,Scotland,domestic_cup,2024,91,2024-08-09,2025-05-24,569,288,38761,83.87,REVIEW
SFA,scottish-fa-cup,Scotland,domestic_cup,2025,115,2025-08-09,2026-04-19,542,311,37684,112.75,ADEQUATE
SUC,supercopa,Spain,other,2012,2,2012-08-22,2012-08-29,56,32,3898,100.0,ADEQUATE
SUC,supercopa,Spain,other,2013,2,2013-08-21,2013-08-28,55,29,3951,100.0,ADEQUATE
SUC,supercopa,Spain,other,2014,2,2014-08-19,2014-08-22,28,17,1986,100.0,ADEQUATE
SUC,supercopa,Spain,other,2015,2,2015-08-14,2015-08-17,53,35,3747,100.0,ADEQUATE
SUC,supercopa,Spain,other,2016,2,2016-08-14,2016-08-17,56,37,3949,100.0,ADEQUATE
SUC,supercopa,Spain,other,2017,2,2017-08-13,2017-08-16,56,35,3952,100.0,ADEQUATE
SUC,supercopa,Spain,other,2018,1,2018-08-12,2018-08-12,28,28,1980,50.0,REVIEW
SUC,supercopa,Spain,other,2019,3,2020-01-08,2020-01-12,84,59,6595,100.0,ADEQUATE
SUC,supercopa,Spain,other,2020,3,2021-01-13,2021-01-17,85,58,6153,100.0,ADEQUATE
SUC,supercopa,Spain,other,2021,3,2022-01-12,2022-01-16,92,65,6588,100.0,ADEQUATE
SUC,supercopa,Spain,other,2022,3,2023-01-11,2023-01-15,97,68,7260,100.0,ADEQUATE
SUC,supercopa,Spain,other,2023,3,2024-01-10,2024-01-14,94,66,6581,100.0,ADEQUATE
SUC,supercopa,Spain,other,2024,3,2025-01-08,2025-01-12,93,67,5906,100.0,ADEQUATE
SUC,supercopa,Spain,other,2025,3,2026-01-07,2026-01-11,96,69,5941,100.0,ADEQUATE
TR1,super-lig,Türkiye,domestic_league,2012,306,2012-08-17,2013-05-19,8471,505,604300,100.0,ADEQUATE
TR1,super-lig,Türkiye,domestic_league,2013,306,2013-08-16,2014-05-18,8462,516,603275,100.0,ADEQUATE
TR1,super-lig,Türkiye,domestic_league,2014,306,2014-08-29,2015-05-30,8317,476,590531,100.0,ADEQUATE
TR1,super-lig,Türkiye,domestic_league,2015,306,2015-08-14,2016-05-19,8525,517,603647,100.0,ADEQUATE
TR1,super-lig,Türkiye,domestic_league,2016,306,2016-08-19,2017-06-03,8487,491,604214,100.0,ADEQUATE
TR1,super-lig,Türkiye,domestic_league,2017,306,2017-08-11,2018-05-19,8526,487,603886,100.0,ADEQUATE
TR1,super-lig,Türkiye,domestic_league,2018,306,2018-08-10,2019-05-26,8507,500,603586,100.0,ADEQUATE
TR1,super-lig,Türkiye,domestic_league,2019,306,2019-08-16,2020-07-26,8675,524,603330,100.0,ADEQUATE
TR1,super-lig,Türkiye,domestic_league,2020,420,2020-09-11,2021-05-15,12667,660,828743,122.81,ADEQUATE
TR1,super-lig,Türkiye,domestic_league,2021,380,2021-08-13,2022-05-22,10520,517,679044,100.0,ADEQUATE
TR1,super-lig,Türkiye,domestic_league,2022,342,2022-08-05,2023-06-07,9702,586,617549,90.0,ADEQUATE
TR1,super-lig,Türkiye,domestic_league,2023,380,2023-08-11,2024-05-26,11624,632,750547,111.11,ADEQUATE
TR1,super-lig,Türkiye,domestic_league,2024,342,2024-08-09,2025-06-01,10547,582,674362,100.0,ADEQUATE
TR1,super-lig,Türkiye,domestic_league,2025,306,2025-08-08,2026-05-17,9434,568,604235,89.47,ADEQUATE
TS1,chance-liga,Czech Republic,domestic_league,2024,240,2024-07-19,2025-04-19,0,0,0,100.0,REVIEW
TS1,chance-liga,Czech Republic,domestic_league,2025,240,2025-07-18,2026-04-25,0,0,0,100.0,REVIEW
UCOL,uefa-conference-league,,other,2021,141,2021-09-14,2022-05-25,0,0,0,100.0,REVIEW
UCOL,uefa-conference-league,,other,2022,141,2022-09-08,2023-06-07,0,0,0,100.0,REVIEW
UCOL,uefa-conference-league,,other,2023,141,2023-09-20,2024-05-29,0,0,0,100.0,REVIEW
UCOL,uefa-conference-league,,other,2024,153,2024-10-02,2025-05-28,0,0,0,104.44,REVIEW
UCOL,uefa-conference-league,,other,2025,152,2025-10-02,2026-05-07,0,0,0,100.0,REVIEW
UKR1,premier-liga,Ukraine,domestic_league,2012,240,2012-07-13,2013-05-26,6608,459,471616,107.14,ADEQUATE
UKR1,premier-liga,Ukraine,domestic_league,2013,224,2013-07-12,2014-05-18,6132,446,438331,110.34,ADEQUATE
UKR1,premier-liga,Ukraine,domestic_league,2014,181,2014-07-24,2015-05-30,4970,426,357497,94.27,ADEQUATE
UKR1,premier-liga,Ukraine,domestic_league,2015,182,2015-07-17,2016-05-15,4769,398,339412,100.0,ADEQUATE
UKR1,premier-liga,Ukraine,domestic_league,2016,192,2016-07-22,2017-05-31,5323,363,379291,106.08,ADEQUATE
UKR1,premier-liga,Ukraine,domestic_league,2017,132,2017-07-16,2018-03-06,3648,346,258584,100.0,ADEQUATE
UKR1,premier-liga,Ukraine,domestic_league,2018,132,2018-07-22,2019-03-18,3658,355,260630,100.0,ADEQUATE
UKR1,premier-liga,Ukraine,domestic_league,2019,132,2019-07-28,2020-03-08,3665,343,259477,100.0,ADEQUATE
UKR1,premier-liga,Ukraine,domestic_league,2020,182,2020-08-21,2021-05-09,5425,450,356337,127.27,ADEQUATE
UKR1,premier-liga,Ukraine,domestic_league,2021,143,2021-07-23,2021-12-12,3071,269,207112,78.57,REVIEW
UKR1,premier-liga,Ukraine,domestic_league,2022,240,2022-08-23,2023-06-04,7040,473,463092,100.0,ADEQUATE
UKR1,premier-liga,Ukraine,domestic_league,2023,240,2023-07-28,2024-05-25,7249,490,472226,100.0,ADEQUATE
UKR1,premier-liga,Ukraine,domestic_league,2024,240,2024-08-03,2025-05-25,7405,490,474099,100.0,ADEQUATE
UKR1,premier-liga,Ukraine,domestic_league,2025,240,2025-08-01,2026-05-24,7349,498,472645,100.0,ADEQUATE
UKRP,ukrainian-cup,Ukraine,domestic_cup,2012,53,2012-07-25,2013-05-22,562,311,41788,103.92,ADEQUATE
UKRP,ukrainian-cup,Ukraine,domestic_cup,2013,50,2013-07-24,2014-05-15,441,283,33307,96.15,ADEQUATE
UKRP,ukrainian-cup,Ukraine,domestic_cup,2014,51,2014-08-06,2015-06-04,924,350,67065,100.0,ADEQUATE
UKRP,ukrainian-cup,Ukraine,domestic_cup,2015,58,2015-07-22,2016-05-21,834,311,60211,113.73,ADEQUATE
UKRP,ukrainian-cup,Ukraine,domestic_cup,2016,44,2016-07-19,2017-05-17,339,224,26008,86.27,ADEQUATE
UKRP,ukrainian-cup,Ukraine,domestic_cup,2017,52,2017-07-08,2018-05-09,395,233,32217,106.12,ADEQUATE
UKRP,ukrainian-cup,Ukraine,domestic_cup,2018,49,2018-07-17,2019-05-15,340,226,26021,100.0,ADEQUATE
UKRP,ukrainian-cup,Ukraine,domestic_cup,2019,47,2019-08-20,2020-07-07,399,251,31660,90.38,ADEQUATE
UKRP,ukrainian-cup,Ukraine,domestic_cup,2020,54,2020-08-26,2021-05-13,475,283,34879,108.0,ADEQUATE
UKRP,ukrainian-cup,Ukraine,domestic_cup,2021,57,2021-08-04,2021-12-01,273,202,18797,114.0,ADEQUATE
UKRP,ukrainian-cup,Ukraine,domestic_cup,2023,50,2023-07-29,2024-05-15,558,324,37522,92.59,ADEQUATE
UKRP,ukrainian-cup,Ukraine,domestic_cup,2024,48,2024-08-03,2025-05-14,534,340,38182,89.72,ADEQUATE
UKRP,ukrainian-cup,Ukraine,domestic_cup,2025,66,2025-08-08,2026-04-22,539,333,34304,132.0,ADEQUATE
UKRS,Ukrainian Super Cup,Ukraine,other,2012,1,2012-07-09,2012-07-09,28,28,1975,100.0,ADEQUATE
UKRS,Ukrainian Super Cup,Ukraine,other,2013,1,2013-07-10,2013-07-10,28,28,1980,100.0,ADEQUATE
UKRS,Ukrainian Super Cup,Ukraine,other,2014,1,2014-07-22,2014-07-22,28,28,1981,100.0,ADEQUATE
UKRS,Ukrainian Super Cup,Ukraine,other,2015,1,2015-07-14,2015-07-14,28,28,1980,100.0,ADEQUATE
UKRS,Ukrainian Super Cup,Ukraine,other,2016,1,2016-07-16,2016-07-16,28,28,1981,100.0,ADEQUATE
UKRS,Ukrainian Super Cup,Ukraine,other,2017,1,2017-07-15,2017-07-15,28,28,1970,100.0,ADEQUATE
UKRS,Ukrainian Super Cup,Ukraine,other,2018,1,2018-07-21,2018-07-21,27,27,1980,100.0,ADEQUATE
UKRS,Ukrainian Super Cup,Ukraine,other,2019,1,2019-07-28,2019-07-28,27,27,1980,100.0,ADEQUATE
UKRS,Ukrainian Super Cup,Ukraine,other,2020,1,2020-08-25,2020-08-25,29,29,1980,100.0,ADEQUATE
UKRS,Ukrainian Super Cup,Ukraine,other,2025,1,2021-09-22,2021-09-22,24,24,1564,100.0,ADEQUATE
USC,uefa-super-cup,,international_cup,2012,1,2012-08-31,2012-08-31,28,28,1980,100.0,ADEQUATE
USC,uefa-super-cup,,international_cup,2013,1,2013-08-30,2013-08-30,28,28,2605,100.0,ADEQUATE
USC,uefa-super-cup,,international_cup,2014,1,2014-08-12,2014-08-12,26,26,1866,100.0,ADEQUATE
USC,uefa-super-cup,,international_cup,2015,1,2015-08-11,2015-08-11,28,28,2640,100.0,ADEQUATE
USC,uefa-super-cup,,international_cup,2016,1,2016-08-09,2016-08-09,28,28,2614,100.0,ADEQUATE
USC,uefa-super-cup,,international_cup,2017,1,2017-08-08,2017-08-08,27,27,1980,100.0,ADEQUATE
USC,uefa-super-cup,,international_cup,2018,1,2018-08-15,2018-08-15,30,30,2640,100.0,ADEQUATE
USC,uefa-super-cup,,international_cup,2019,1,2019-08-14,2019-08-14,30,30,2640,100.0,ADEQUATE
USC,uefa-super-cup,,international_cup,2020,1,2020-09-24,2020-09-24,29,29,2546,100.0,ADEQUATE
USC,uefa-super-cup,,international_cup,2021,1,2021-08-11,2021-08-11,34,34,2640,100.0,ADEQUATE
USC,uefa-super-cup,,international_cup,2022,1,2022-08-10,2022-08-10,30,30,1980,100.0,ADEQUATE
USC,uefa-super-cup,,international_cup,2023,1,2023-08-16,2023-08-16,27,27,1982,100.0,ADEQUATE
USC,uefa-super-cup,,international_cup,2024,1,2024-08-14,2024-08-14,32,32,1982,100.0,ADEQUATE
USC,uefa-super-cup,,international_cup,2025,1,2025-08-13,2025-08-13,30,30,1981,100.0,ADEQUATE
