child_table,child_column,parent_table,parent_column,nonnull_child_rows,orphan_rows,orphan_distinct_values,orphan_pct,status
clubs,domestic_competition_id,competitions,competition_id,796,20,1,2.5126,REVIEW
players,current_club_id,clubs,club_id,50149,2986,1059,5.9543,REVIEW
games,competition_id,competitions,competition_id,88958,1214,5,1.3647,REVIEW
games,home_club_id,clubs,club_id,88958,12818,2187,14.409,REVIEW
games,away_club_id,clubs,club_id,88958,11242,1841,12.6374,REVIEW
appearances,game_id,games,game_id,1894350,0,0,0.0,PASS
appearances,player_id,players,player_id,1894350,2,1,0.0001,REVIEW
appearances,player_club_id,clubs,club_id,1894350,11062,686,0.5839,REVIEW
player_valuations,player_id,players,player_id,656301,0,0,0.0,PASS
player_valuations,current_club_id,clubs,club_id,656301,92973,4628,14.1662,REVIEW
club_games,game_id,games,game_id,177916,0,0,0.0,PASS
club_games,club_id,clubs,club_id,177916,24060,2481,13.5232,REVIEW
club_games,opponent_id,clubs,club_id,177916,24060,2481,13.5232,REVIEW
game_events,game_id,games,game_id,1274469,0,0,0.0,PASS
game_events,player_id,players,player_id,1274469,128274,39194,10.0649,REVIEW
game_events,club_id,clubs,club_id,1274469,169317,2377,13.2853,REVIEW
game_lineups,game_id,games,game_id,3179016,0,0,0.0,PASS
game_lineups,player_id,players,player_id,3179016,315555,69943,9.9262,REVIEW
game_lineups,club_id,clubs,club_id,3179016,386777,2353,12.1666,REVIEW
transfers,player_id,players,player_id,175165,0,0,0.0,PASS
transfers,from_club_id,clubs,club_id,175165,109676,16612,62.613,REVIEW
transfers,to_club_id,clubs,club_id,175165,92746,12412,52.9478,REVIEW
national_teams,country_id,countries,country_id,124,0,0,0.0,PASS
