transfer_date,transfer_season,transfer_rows,rows_with_fee
2026-10-06,26/27,13,13
2026-11-30,26/27,21,21
2026-12-01,26/27,8,8
2026-12-04,26/27,1,1
2026-12-16,26/27,1,1
2026-12-25,25/26,1,0
2026-12-31,25/26,12,12
2026-12-31,26/27,373,373
2027-01-01,26/27,10,8
2027-01-16,26/27,1,1
2027-01-27,26/27,1,1
2027-05-16,26/27,7,7
2027-05-30,26/27,1,1
2027-05-31,26/27,1,1
2027-06-14,26/27,6,6
2027-06-30,26/27,17,17
2027-07-01,27/28,1,0
2027-07-04,27/28,2,0
2027-07-18,27/28,1,1
2028-02-02,27/28,9,9
2030-06-30,25/26,1,1
