player_id,name,position,sub_position,height_in_cm
1168993,Fahad Al-Abdulrazzaq,Defender,Right-Back,17
965996,Adi Yona,Midfield,Attacking Midfield,17
1021813,Eugene Amankwah,Defender,Left-Back,18
1031798,Kilian Toscano,Midfield,Defensive Midfield,18
1082820,Italo Vargas,Attack,Left Winger,18
1110867,Oliver Randazzo,Midfield,Central Midfield,18
1287392,Waliu Ojetoye,Defender,Right-Back,18
1383742,Luis Marimón,Attack,Centre-Forward,18
592398,Aïssa Boudechicha,Defender,Left-Back,18
628490,Genar Fornés,Defender,Left-Back,18
964757,Krzysztof Kurowski,Defender,Left-Back,18
653161,Yesid Díaz,Defender,Centre-Back,19
743556,Connor Allan,Defender,Centre-Back,19
