competition_id,date,home_club_name,away_club_name,round,url
CGB,2026-03-22,Arsenal FC,Manchester City,Final,https://www.transfermarkt.co.uk/spielbericht/index/spielbericht/4818788
CGB,2026-02-04,Manchester City,Newcastle United,Semi-Finals 2nd Leg,https://www.transfermarkt.co.uk/spielbericht/index/spielbericht/4798811
CGB,2026-02-03,Arsenal FC,Chelsea FC,Semi-Finals 2nd Leg,https://www.transfermarkt.co.uk/spielbericht/index/spielbericht/4798810
COL1,2025-11-14,Llaneros FC,Envigado FC,20. Matchday,https://www.transfermarkt.co.uk/llaneros-fc_envigado-fc/index/spielbericht/4766960
COL1,2025-11-14,Independiente Santa Fe,Alianza FC,20. Matchday,https://www.transfermarkt.co.uk/independiente-santa-fe_alianza-fc/index/spielbericht/4766961
COL1,2025-11-14,Rionegro Águilas,Deportes Tolima,20. Matchday,https://www.transfermarkt.co.uk/rionegro-aguilas_deportes-tolima/index/spielbericht/4766962
KLUB,2025-07-13,Chelsea FC,Paris Saint-Germain,Final,https://www.transfermarkt.co.uk/spielbericht/index/spielbericht/4506874
KLUB,2025-07-09,Paris Saint-Germain,Real Madrid,Semi-Finals,https://www.transfermarkt.co.uk/spielbericht/index/spielbericht/4506873
KLUB,2025-07-08,Fluminense Football Club,Chelsea FC,Semi-Finals,https://www.transfermarkt.co.uk/spielbericht/index/spielbericht/4506872
POCP,2026-01-10,Vitória Guimarães SC,SC Braga,Final,https://www.transfermarkt.co.uk/spielbericht/index/spielbericht/4800935
POCP,2026-01-07,SL Benfica,SC Braga,Semi-Finals,https://www.transfermarkt.co.uk/spielbericht/index/spielbericht/4779999
POCP,2026-01-06,Sporting CP,Vitória Guimarães SC,Semi-Finals,https://www.transfermarkt.co.uk/spielbericht/index/spielbericht/4780000
UKRS,2021-09-22,FC Shakhtar Donetsk,Dynamo Kyiv,Final,https://www.transfermarkt.co.uk/spielbericht/index/spielbericht/3606208
UKRS,2020-08-25,FC Shakhtar Donetsk,Dynamo Kyiv,final decider,https://www.transfermarkt.co.uk/spielbericht/index/spielbericht/3425523
UKRS,2019-07-28,FC Shakhtar Donetsk,Dynamo Kyiv,Final,https://www.transfermarkt.co.uk/spielbericht/index/spielbericht/3194815
