relationship,competition_type,competition_id,orphan_rows
game_events.player_id,other,ELQ,16615
game_events.player_id,domestic_cup,RUP,14582
game_events.player_id,domestic_cup,FAC,12282
game_events.player_id,domestic_cup,CDR,11765
game_events.player_id,domestic_cup,SFA,10038
game_events.player_id,domestic_cup,NLP,9530
game_events.player_id,other,ECLQ,9237
game_events.player_id,domestic_cup,DKP,8416
game_events.player_id,international_cup,CLQ,6085
game_events.player_id,domestic_cup,GRP,5712
game_events.player_id,domestic_cup,UKRP,4329
game_events.player_id,domestic_cup,CIT,4246
game_events.player_id,domestic_cup,DFB,4143
game_events.player_id,other,EL,2880
game_events.player_id,,POCP,1676
game_events.player_id,,CGB,1579
game_events.player_id,other,UCOL,1544
game_events.player_id,national_team_competition,FIWC,929
game_events.player_id,,KLUB,608
game_events.player_id,international_cup,CL,455
game_events.player_id,domestic_league,NO1,245
game_events.player_id,national_team_competition,EURO,180
game_events.player_id,,COL1,169
game_events.player_id,national_team_competition,AFCN,149
game_events.player_id,domestic_league,RO1,139
game_events.player_id,national_team_competition,AFAC,135
game_events.player_id,domestic_league,ARG1,122
game_events.player_id,domestic_league,PO1,78
game_events.player_id,domestic_league,KR1,66
game_events.player_id,domestic_league,MLS1,61
game_events.player_id,domestic_league,RSK1,50
game_events.player_id,domestic_league,A1,49
game_events.player_id,domestic_league,C1,38
game_events.player_id,domestic_league,JAP1,36
game_events.player_id,domestic_league,GR1,35
game_events.player_id,domestic_league,GB1,15
game_events.player_id,national_team_competition,COPA,14
game_events.player_id,domestic_league,MEX1,14
game_events.player_id,domestic_league,SC1,11
game_events.player_id,domestic_league,BRA1,5
game_events.player_id,domestic_league,UKR1,4
game_events.player_id,domestic_league,BE1,3
game_events.player_id,domestic_league,DK1,2
game_events.player_id,domestic_league,ES1,2
game_events.player_id,domestic_league,L1,1
game_lineups.player_id,other,ELQ,42979
game_lineups.player_id,domestic_cup,FAC,34020
game_lineups.player_id,domestic_cup,RUP,29402
game_lineups.player_id,other,ECLQ,26603
game_lineups.player_id,domestic_cup,SFA,25862
game_lineups.player_id,domestic_cup,CDR,25193
game_lineups.player_id,domestic_cup,NLP,23864
game_lineups.player_id,domestic_cup,DKP,17892
game_lineups.player_id,international_cup,CLQ,16765
game_lineups.player_id,domestic_cup,GRP,13047
game_lineups.player_id,domestic_cup,CIT,11667
game_lineups.player_id,domestic_cup,DFB,9881
game_lineups.player_id,domestic_cup,UKRP,9325
game_lineups.player_id,other,EL,8801
game_lineups.player_id,,POCP,3970
game_lineups.player_id,,CGB,3616
game_lineups.player_id,other,UCOL,3356
game_lineups.player_id,,KLUB,1967
game_lineups.player_id,international_cup,CL,1559
game_lineups.player_id,domestic_league,NO1,737
game_lineups.player_id,national_team_competition,AFCN,664
game_lineups.player_id,,COL1,565
game_lineups.player_id,national_team_competition,AFAC,534
game_lineups.player_id,domestic_league,ARG1,515
game_lineups.player_id,domestic_league,RO1,429
game_lineups.player_id,domestic_league,KR1,355
game_lineups.player_id,domestic_league,MLS1,341
game_lineups.player_id,domestic_league,PO1,260
game_lineups.player_id,domestic_league,A1,180
game_lineups.player_id,domestic_league,C1,162
game_lineups.player_id,domestic_league,RSK1,157
game_lineups.player_id,domestic_league,GR1,150
game_lineups.player_id,domestic_league,JAP1,127
game_lineups.player_id,domestic_league,BRA1,114
game_lineups.player_id,domestic_league,GB1,92
game_lineups.player_id,national_team_competition,COPA,88
game_lineups.player_id,domestic_league,MEX1,76
game_lineups.player_id,domestic_league,NL1,38
game_lineups.player_id,domestic_league,SC1,28
game_lineups.player_id,national_team_competition,FIWC,27
game_lineups.player_id,domestic_league,SE1,25
game_lineups.player_id,domestic_league,ES1,22
game_lineups.player_id,domestic_league,FR1,22
game_lineups.player_id,domestic_league,TR1,22
game_lineups.player_id,domestic_league,DK1,18
game_lineups.player_id,domestic_league,UKR1,11
game_lineups.player_id,domestic_league,L1,10
game_lineups.player_id,domestic_league,SA1,8
game_lineups.player_id,domestic_league,IT1,4
game_lineups.player_id,domestic_league,AUS1,2
game_lineups.player_id,other,GBCS,2
game_lineups.player_id,other,POSU,1
games.away_club_id,other,ELQ,1558
games.away_club_id,domestic_cup,FAC,1317
games.away_club_id,domestic_cup,SFA,1044
games.away_club_id,other,ECLQ,901
games.away_club_id,domestic_cup,RUP,881
games.away_club_id,domestic_cup,NLP,676
games.away_club_id,international_cup,CLQ,673
games.away_club_id,domestic_cup,CDR,669
games.away_club_id,domestic_cup,DKP,567
games.away_club_id,domestic_cup,GRP,479
games.away_club_id,domestic_cup,CIT,465
games.away_club_id,national_team_competition,FIWC,392
games.away_club_id,other,EL,299
games.away_club_id,domestic_cup,UKRP,265
games.away_club_id,other,UCOL,225
games.away_club_id,national_team_competition,EURO,215
games.away_club_id,,CGB,136
games.away_club_id,,POCP,123
games.away_club_id,domestic_cup,DFB,112
games.away_club_id,international_cup,CL,62
games.away_club_id,national_team_competition,AFCN,52
games.away_club_id,national_team_competition,AFAC,51
games.away_club_id,,KLUB,48
games.away_club_id,national_team_competition,COPA,32
games.home_club_id,other,ELQ,1561
games.home_club_id,domestic_cup,FAC,1343
games.home_club_id,domestic_cup,CDR,1067
games.home_club_id,domestic_cup,RUP,1052
games.home_club_id,domestic_cup,SFA,1034
games.home_club_id,domestic_cup,DKP,955
games.home_club_id,other,ECLQ,901
games.home_club_id,domestic_cup,NLP,845
games.home_club_id,international_cup,CLQ,674
games.home_club_id,domestic_cup,GRP,581
games.home_club_id,domestic_cup,DFB,525
games.home_club_id,domestic_cup,UKRP,395
games.home_club_id,national_team_competition,FIWC,392
games.home_club_id,other,EL,299
games.home_club_id,domestic_cup,CIT,262
games.home_club_id,other,UCOL,225
games.home_club_id,national_team_competition,EURO,215
games.home_club_id,,CGB,139
games.home_club_id,,POCP,114
games.home_club_id,international_cup,CL,62
games.home_club_id,national_team_competition,AFCN,52
games.home_club_id,national_team_competition,AFAC,51
games.home_club_id,,KLUB,42
games.home_club_id,national_team_competition,COPA,32
