competition_key,season_key,game_count,games_with_appearances,appearance_game_coverage_pct,appearance_coverage_status
ES1,2023,380,380,100.0000,FULL
FR1,2023,306,306,100.0000,FULL
GB1,2023,380,380,100.0000,FULL
IT1,2023,380,380,100.0000,FULL
L1,2023,306,306,100.0000,FULL
ES1,2024,380,380,100.0000,FULL
FR1,2024,306,306,100.0000,FULL
GB1,2024,380,380,100.0000,FULL
IT1,2024,380,380,100.0000,FULL
L1,2024,306,306,100.0000,FULL
ES1,2025,380,380,100.0000,FULL
FR1,2025,306,305,99.6732,HIGH
GB1,2025,380,380,100.0000,FULL
IT1,2025,380,380,100.0000,FULL
L1,2025,306,306,100.0000,FULL
