competition_key,season_key,player_seasons,outfield_player_seasons,player_seasons_900_minutes,with_market_value,analysis_eligible,average_valuation_lag_days,median_valuation_lag_days
ES1,2023,598,552,341,589,316,119.94,156.0
FR1,2023,525,492,292,516,272,123.31,153.0
GB1,2023,570,530,339,568,312,128.29,152.0
IT1,2023,590,539,344,586,319,141.58,165.0
L1,2023,494,461,294,485,274,117.48,156.0
ES1,2024,589,544,341,565,314,142.73,149.0
FR1,2024,542,507,287,510,264,146.17,158.0
GB1,2024,562,518,321,545,295,129.48,160.0
IT1,2024,599,552,345,587,319,146.73,158.0
L1,2024,481,443,278,476,255,126.13,148.0
ES1,2025,600,561,346,554,323,142.11,163.0
FR1,2025,547,508,277,514,256,119.98,153.0
GB1,2025,537,497,340,524,316,127.91,166.0
IT1,2025,585,539,337,564,313,142.70,152.0
L1,2025,497,467,286,486,264,121.62,148.0
