valuation_match_status,fee_status,transfer_rows,historical_rows
no_prior_valuation,unknown_or_undisclosed,40976,40975
within_90_days,recorded_zero_ambiguous,26354,26335
within_30_days,recorded_zero_ambiguous,24999,24999
no_prior_valuation,recorded_zero_ambiguous,23908,23883
within_365_days,recorded_zero_ambiguous,15877,15497
within_90_days,numeric_fee,7792,7787
within_30_days,unknown_or_undisclosed,7041,7041
within_90_days,unknown_or_undisclosed,6156,6155
within_30_days,numeric_fee,5526,5526
within_365_days,unknown_or_undisclosed,5141,5138
stale_over_365_days,recorded_zero_ambiguous,4207,4126
within_365_days,numeric_fee,2679,2677
stale_over_365_days,unknown_or_undisclosed,1795,1792
no_prior_valuation,numeric_fee,1086,1086
same_day,recorded_zero_ambiguous,740,740
same_day,unknown_or_undisclosed,417,417
stale_over_365_days,numeric_fee,251,251
same_day,numeric_fee,220,220
