competition_key,season_key,position_group,age_band,age_band_order,player_count,total_market_value_eur,average_market_value_eur,median_market_value_eur,p25_market_value_eur,p75_market_value_eur,average_age,earliest_valuation_date,latest_valuation_date
ES1,2023,Defender,Under 20,1,2,40000000,20000000.00,20000000.00,17500000.00,22500000.00,18.00,2024-03-21,2024-03-21
ES1,2023,Defender,20-22,2,14,148500000,10607142.86,8000000.00,5000000.00,13750000.00,21.29,2023-12-22,2024-03-21
ES1,2023,Defender,23-25,3,33,313500000,9500000.00,5000000.00,2000000.00,8000000.00,23.97,2023-12-11,2024-03-21
ES1,2023,Defender,26-28,4,28,297500000,10625000.00,6000000.00,2875000.00,13500000.00,26.89,2023-12-22,2024-03-21
ES1,2023,Defender,29-31,5,25,238600000,9544000.00,3000000.00,2500000.00,14000000.00,30.12,2023-12-22,2024-03-21
ES1,2023,Defender,32+,6,29,91250000,3146551.72,2500000.00,2000000.00,3500000.00,33.52,2023-12-22,2024-03-28
ES1,2023,Forward,Under 20,1,2,90000000,45000000.00,45000000.00,30000000.00,60000000.00,17.00,2023-12-22,2024-03-21
ES1,2023,Forward,20-22,2,15,329500000,21966666.67,12000000.00,11000000.00,32500000.00,21.33,2023-12-19,2024-03-21
ES1,2023,Forward,23-25,3,18,478000000,26555555.56,15500000.00,3000000.00,28750000.00,23.78,2023-12-22,2024-03-21
ES1,2023,Forward,26-28,4,23,335500000,14586956.52,12000000.00,4500000.00,16500000.00,27.13,2023-12-22,2024-03-21
ES1,2023,Forward,29-31,5,18,138600000,7700000.00,4000000.00,2625000.00,11500000.00,29.83,2023-12-22,2024-03-21
ES1,2023,Forward,32+,6,13,84200000,6476923.08,3500000.00,2000000.00,6000000.00,33.54,2023-12-22,2024-03-21
ES1,2023,Midfielder,Under 20,1,1,90000000,90000000.00,90000000.00,90000000.00,90000000.00,19.00,2023-12-22,2023-12-22
ES1,2023,Midfielder,20-22,2,14,487500000,34821428.57,15000000.00,8500000.00,23750000.00,21.21,2023-12-22,2024-03-21
ES1,2023,Midfielder,23-25,3,17,380500000,22382352.94,8000000.00,5000000.00,16000000.00,24.24,2023-12-22,2024-03-21
ES1,2023,Midfielder,26-28,4,23,310800000,13513043.48,6000000.00,2900000.00,14500000.00,26.87,2023-12-19,2024-03-21
ES1,2023,Midfielder,29-31,5,23,147500000,6413043.48,5000000.00,2500000.00,6000000.00,29.70,2023-12-22,2024-03-21
ES1,2023,Midfielder,32+,6,18,89400000,4966666.67,3000000.00,2000000.00,7000000.00,34.28,2023-12-22,2024-03-21
FR1,2023,Defender,Under 20,1,5,71000000,14200000.00,9000000.00,7000000.00,10000000.00,18.60,2024-03-19,2024-03-19
FR1,2023,Defender,20-22,2,20,172100000,8605000.00,7500000.00,5000000.00,10500000.00,21.25,2023-12-18,2024-03-19
FR1,2023,Defender,23-25,3,31,373000000,12032258.06,8000000.00,4000000.00,15000000.00,23.94,2023-12-18,2024-03-19
FR1,2023,Defender,26-28,4,24,165000000,6875000.00,4000000.00,3000000.00,7000000.00,26.88,2023-12-18,2024-03-19
FR1,2023,Defender,29-31,5,23,220300000,9578260.87,5000000.00,3250000.00,9000000.00,29.96,2023-12-18,2024-03-19
FR1,2023,Defender,32+,6,12,20600000,1716666.67,900000.00,600000.00,1400000.00,34.25,2023-12-18,2024-03-19
FR1,2023,Forward,Under 20,1,3,50000000,16666666.67,15000000.00,15000000.00,17500000.00,18.00,2023-12-18,2024-03-19
FR1,2023,Forward,20-22,2,15,262500000,17500000.00,12000000.00,6500000.00,25000000.00,21.40,2023-12-18,2024-03-19
FR1,2023,Forward,23-25,3,20,470000000,23500000.00,11000000.00,5375000.00,19750000.00,24.15,2023-12-18,2024-03-19
FR1,2023,Forward,26-28,4,15,191500000,12766666.67,9000000.00,3750000.00,15000000.00,26.87,2023-12-18,2024-03-19
FR1,2023,Forward,29-31,5,7,52800000,7542857.14,5000000.00,3000000.00,12500000.00,29.71,2023-12-18,2024-03-19
FR1,2023,Forward,32+,6,7,31500000,4500000.00,3500000.00,1600000.00,7000000.00,33.71,2023-12-18,2024-03-19
FR1,2023,Midfielder,Under 20,1,3,67500000,22500000.00,5000000.00,3750000.00,32500000.00,18.67,2023-12-18,2024-03-19
FR1,2023,Midfielder,20-22,2,18,127800000,7100000.00,6500000.00,2625000.00,9500000.00,21.17,2023-12-18,2024-03-19
FR1,2023,Midfielder,23-25,3,23,380500000,16543478.26,12000000.00,6000000.00,22000000.00,23.96,2023-12-18,2024-03-19
FR1,2023,Midfielder,26-28,4,21,233000000,11095238.10,7000000.00,4000000.00,18000000.00,26.90,2023-12-18,2024-03-19
FR1,2023,Midfielder,29-31,5,15,122500000,8166666.67,7000000.00,4000000.00,11000000.00,30.00,2023-12-18,2024-03-19
FR1,2023,Midfielder,32+,6,10,35300000,3530000.00,2750000.00,1200000.00,4750000.00,33.70,2023-12-18,2023-12-18
GB1,2023,Defender,20-22,2,16,441000000,27562500.00,26500000.00,14250000.00,32750000.00,21.31,2023-12-18,2024-03-14
GB1,2023,Defender,23-25,3,35,835800000,23880000.00,18000000.00,11000000.00,31000000.00,24.00,2023-12-18,2024-03-14
GB1,2023,Defender,26-28,4,33,936800000,28387878.79,22000000.00,15000000.00,38000000.00,26.73,2023-12-19,2024-03-14
GB1,2023,Defender,29-31,5,24,354000000,14750000.00,12500000.00,6125000.00,20000000.00,29.96,2023-12-19,2024-03-14
GB1,2023,Defender,32+,6,19,117600000,6189473.68,2000000.00,1000000.00,10000000.00,33.79,2023-12-19,2024-03-14
GB1,2023,Forward,Under 20,1,4,117000000,29250000.00,25000000.00,9250000.00,45000000.00,19.00,2023-12-19,2024-03-14
GB1,2023,Forward,20-22,2,13,630000000,48461538.46,45000000.00,25000000.00,65000000.00,21.85,2023-12-19,2024-03-14
GB1,2023,Forward,23-25,3,23,996000000,43304347.83,38000000.00,15000000.00,55000000.00,23.78,2023-12-19,2024-03-14
GB1,2023,Forward,26-28,4,28,912500000,32589285.71,26500000.00,16000000.00,50000000.00,26.86,2023-12-19,2024-03-14
GB1,2023,Forward,29-31,5,6,233000000,38833333.33,41500000.00,24500000.00,48750000.00,29.83,2023-12-19,2024-03-14
GB1,2023,Forward,32+,6,9,47800000,5311111.11,6000000.00,3000000.00,6000000.00,32.89,2023-12-19,2023-12-19
GB1,2023,Midfielder,Under 20,1,3,75000000,25000000.00,22000000.00,20000000.00,28500000.00,18.67,2024-03-14,2024-03-14
GB1,2023,Midfielder,20-22,2,15,407950000,27196666.67,20000000.00,12500000.00,37500000.00,21.07,2023-12-19,2024-03-14
GB1,2023,Midfielder,23-25,3,25,1050500000,42020000.00,35000000.00,15000000.00,55000000.00,24.00,2023-12-19,2024-03-14
GB1,2023,Midfielder,26-28,4,29,982000000,33862068.97,25000000.00,20000000.00,35000000.00,26.76,2023-12-19,2024-03-14
GB1,2023,Midfielder,29-31,5,21,423500000,20166666.67,12000000.00,7000000.00,30000000.00,29.71,2023-12-19,2024-03-14
GB1,2023,Midfielder,32+,6,9,142500000,15833333.33,10000000.00,4000000.00,15000000.00,32.44,2023-12-19,2024-03-14
IT1,2023,Defender,Under 20,1,1,15000000,15000000.00,15000000.00,15000000.00,15000000.00,19.00,2024-03-12,2024-03-12
IT1,2023,Defender,20-22,2,18,219800000,12211111.11,7000000.00,4500000.00,15000000.00,21.44,2023-12-20,2024-05-27
IT1,2023,Defender,23-25,3,40,397800000,9945000.00,6000000.00,3000000.00,12000000.00,23.98,2023-12-20,2024-03-12
IT1,2023,Defender,26-28,4,31,477000000,15387096.77,8000000.00,3250000.00,16500000.00,26.84,2023-12-20,2024-03-28
IT1,2023,Defender,29-31,5,30,159700000,5323333.33,4000000.00,2575000.00,5000000.00,30.00,2023-12-20,2024-03-12
IT1,2023,Defender,32+,6,16,52800000,3300000.00,2250000.00,1575000.00,4000000.00,33.44,2023-12-20,2024-03-12
IT1,2023,Forward,Under 20,1,2,37000000,18500000.00,18500000.00,12750000.00,24250000.00,19.00,2023-12-20,2024-03-12
IT1,2023,Forward,20-22,2,6,49600000,8266666.67,5500000.00,4850000.00,6750000.00,21.50,2023-12-20,2024-03-12
IT1,2023,Forward,23-25,3,25,640000000,25600000.00,15000000.00,7500000.00,28000000.00,23.96,2023-12-20,2024-03-12
IT1,2023,Forward,26-28,4,19,420500000,22131578.95,13000000.00,6000000.00,26000000.00,26.68,2023-12-20,2024-03-25
IT1,2023,Forward,29-31,5,10,114000000,11400000.00,8500000.00,5250000.00,14250000.00,30.30,2023-12-20,2024-03-12
IT1,2023,Forward,32+,6,7,26800000,3828571.43,3000000.00,1750000.00,5500000.00,34.43,2023-12-20,2024-03-12
IT1,2023,Midfielder,Under 20,1,2,19000000,9500000.00,9500000.00,6750000.00,12250000.00,19.00,2024-03-12,2024-03-12
IT1,2023,Midfielder,20-22,2,19,195000000,10263157.89,8000000.00,3750000.00,15000000.00,21.26,2023-12-20,2024-03-12
IT1,2023,Midfielder,23-25,3,25,341500000,13660000.00,10000000.00,6000000.00,23000000.00,24.24,2023-12-20,2024-03-12
IT1,2023,Midfielder,26-28,4,35,434900000,12425714.29,6000000.00,3500000.00,15000000.00,26.94,2023-12-20,2024-03-12
IT1,2023,Midfielder,29-31,5,22,262300000,11922727.27,7500000.00,4125000.00,13750000.00,29.68,2023-12-20,2024-03-12
IT1,2023,Midfielder,32+,6,11,35600000,3236363.64,3000000.00,1250000.00,4500000.00,33.82,2023-12-20,2023-12-20
L1,2023,Defender,20-22,2,11,197500000,17954545.45,12000000.00,7000000.00,30000000.00,21.55,2023-12-14,2024-03-27
L1,2023,Defender,23-25,3,29,555000000,19137931.03,10000000.00,6000000.00,30000000.00,24.17,2023-12-14,2024-03-27
L1,2023,Defender,26-28,4,42,524500000,12488095.24,8000000.00,5000000.00,16500000.00,26.86,2023-12-14,2024-03-27
L1,2023,Defender,29-31,5,26,145300000,5588461.54,3500000.00,2125000.00,8250000.00,29.96,2023-12-14,2024-03-27
L1,2023,Defender,32+,6,8,16000000,2000000.00,1250000.00,750000.00,2625000.00,33.50,2023-12-14,2023-12-14
L1,2023,Forward,Under 20,1,2,68000000,34000000.00,34000000.00,31000000.00,37000000.00,19.00,2023-12-14,2024-03-27
L1,2023,Forward,20-22,2,10,131000000,13100000.00,8250000.00,3375000.00,20500000.00,21.30,2023-12-14,2024-03-27
L1,2023,Forward,23-25,3,18,288000000,16000000.00,8000000.00,5000000.00,21500000.00,24.06,2023-12-14,2024-03-27
L1,2023,Forward,26-28,4,17,324400000,19082352.94,8000000.00,5000000.00,25000000.00,27.12,2023-12-14,2024-03-27
L1,2023,Forward,29-31,5,16,202800000,12675000.00,6000000.00,3875000.00,8250000.00,30.13,2023-12-14,2024-03-27
L1,2023,Forward,32+,6,4,21000000,5250000.00,4500000.00,2750000.00,7000000.00,32.75,2023-12-14,2024-03-27
L1,2023,Midfielder,Under 20,1,3,42000000,14000000.00,9000000.00,7000000.00,18500000.00,19.00,2023-12-14,2024-03-27
L1,2023,Midfielder,20-22,2,14,436500000,31178571.43,11000000.00,7875000.00,28750000.00,21.07,2023-12-14,2024-03-27
L1,2023,Midfielder,23-25,3,22,253500000,11522727.27,7250000.00,4625000.00,15000000.00,24.00,2023-12-14,2024-03-27
L1,2023,Midfielder,26-28,4,26,291000000,11192307.69,7250000.00,4125000.00,10000000.00,26.73,2023-12-14,2024-03-27
L1,2023,Midfielder,29-31,5,18,226000000,12555555.56,7500000.00,4250000.00,13000000.00,30.00,2023-12-14,2024-03-27
L1,2023,Midfielder,32+,6,7,17000000,2428571.43,2000000.00,500000.00,3250000.00,34.14,2023-12-14,2023-12-14
L1,2023,Midfielder,Unknown,7,1,300000,300000.00,300000.00,300000.00,300000.00,,2023-12-14,2023-12-14
ES1,2024,Defender,Under 20,1,2,72000000,36000000.00,36000000.00,19000000.00,53000000.00,18.50,2024-12-27,2024-12-27
ES1,2024,Defender,20-22,2,15,200000000,13333333.33,10000000.00,2750000.00,12000000.00,21.13,2024-06-07,2025-03-21
ES1,2024,Defender,23-25,3,32,325800000,10181250.00,7500000.00,3000000.00,15000000.00,24.00,2024-06-07,2025-03-28
ES1,2024,Defender,26-28,4,26,309600000,11907692.31,5000000.00,3500000.00,12000000.00,27.00,2024-12-27,2025-03-21
ES1,2024,Defender,29-31,5,18,165500000,9194444.44,6000000.00,4000000.00,13250000.00,29.83,2024-12-27,2025-03-21
ES1,2024,Defender,32+,6,27,73900000,2737037.04,1800000.00,1400000.00,2350000.00,33.48,2024-06-07,2024-12-27
ES1,2024,Forward,Under 20,1,2,190000000,95000000.00,95000000.00,52500000.00,137500000.00,18.00,2024-12-27,2025-03-21
ES1,2024,Forward,20-22,2,19,282800000,14884210.53,8000000.00,3750000.00,20000000.00,21.53,2024-12-27,2025-03-21
ES1,2024,Forward,23-25,3,27,724000000,26814814.81,10000000.00,3750000.00,26500000.00,24.11,2024-12-16,2025-03-21
ES1,2024,Forward,26-28,4,20,410500000,20525000.00,5500000.00,2725000.00,19000000.00,27.25,2024-06-07,2025-03-21
ES1,2024,Forward,29-31,5,17,108200000,6364705.88,3500000.00,2000000.00,8000000.00,29.94,2024-06-07,2025-03-21
ES1,2024,Forward,32+,6,11,57000000,5181818.18,2500000.00,1350000.00,4000000.00,34.00,2024-12-27,2025-03-21
ES1,2024,Midfielder,20-22,2,19,717000000,37736842.11,20000000.00,5500000.00,50000000.00,21.21,2024-06-07,2025-03-21
ES1,2024,Midfielder,23-25,3,17,322500000,18970588.24,10000000.00,7500000.00,18000000.00,24.00,2024-12-27,2025-03-21
ES1,2024,Midfielder,26-28,4,31,469900000,15158064.52,6000000.00,2500000.00,10000000.00,27.13,2024-12-18,2025-03-21
ES1,2024,Midfielder,29-31,5,18,109300000,6072222.22,3500000.00,2850000.00,5500000.00,29.94,2024-12-27,2025-03-21
ES1,2024,Midfielder,32+,6,10,33700000,3370000.00,2500000.00,1125000.00,4625000.00,34.00,2024-12-27,2025-03-21
FR1,2024,Defender,Under 20,1,5,37000000,7400000.00,5000000.00,2500000.00,12000000.00,18.80,2024-12-10,2025-03-24
FR1,2024,Defender,20-22,2,13,194000000,14923076.92,12000000.00,6000000.00,15000000.00,21.31,2024-12-10,2025-03-24
FR1,2024,Defender,23-25,3,25,297200000,11888000.00,10000000.00,5000000.00,15000000.00,23.72,2024-12-10,2025-03-24
FR1,2024,Defender,26-28,4,31,280300000,9041935.48,5000000.00,2750000.00,11000000.00,26.77,2024-05-27,2025-03-24
FR1,2024,Defender,29-31,5,16,108700000,6793750.00,3500000.00,2750000.00,6500000.00,30.13,2024-06-03,2025-03-24
FR1,2024,Defender,32+,6,18,39400000,2188888.89,1500000.00,575000.00,3625000.00,33.83,2024-12-10,2024-12-10
FR1,2024,Forward,Under 20,1,1,60000000,60000000.00,60000000.00,60000000.00,60000000.00,19.00,2025-03-24,2025-03-24
FR1,2024,Forward,20-22,2,14,261500000,18678571.43,15000000.00,7750000.00,23750000.00,21.07,2024-12-10,2025-03-24
FR1,2024,Forward,23-25,3,29,500100000,17244827.59,12000000.00,5000000.00,20000000.00,24.00,2024-12-10,2025-03-24
FR1,2024,Forward,26-28,4,13,174000000,13384615.38,6000000.00,6000000.00,12000000.00,27.31,2024-12-10,2025-03-27
FR1,2024,Forward,29-31,5,9,60600000,6733333.33,4500000.00,3500000.00,10000000.00,29.78,2024-06-03,2025-03-24
FR1,2024,Forward,32+,6,6,22700000,3783333.33,2250000.00,1625000.00,6625000.00,33.50,2024-12-10,2024-12-10
FR1,2024,Midfielder,Under 20,1,4,101500000,25375000.00,19500000.00,7375000.00,37500000.00,18.50,2024-12-10,2025-03-24
FR1,2024,Midfielder,20-22,2,22,288300000,13104545.45,8000000.00,5000000.00,15000000.00,20.95,2024-06-03,2025-03-28
FR1,2024,Midfielder,23-25,3,16,182300000,11393750.00,6500000.00,5000000.00,10000000.00,23.69,2024-12-10,2025-03-24
FR1,2024,Midfielder,26-28,4,14,157000000,11214285.71,9000000.00,6000000.00,13750000.00,27.36,2024-12-10,2025-03-24
FR1,2024,Midfielder,29-31,5,14,139300000,9950000.00,7000000.00,3625000.00,9750000.00,30.14,2024-06-03,2025-03-24
FR1,2024,Midfielder,32+,6,8,36700000,4587500.00,4000000.00,2500000.00,6500000.00,33.50,2024-06-03,2025-03-24
GB1,2024,Defender,Under 20,1,2,83000000,41500000.00,41500000.00,34750000.00,48250000.00,18.50,2024-12-16,2025-03-18
GB1,2024,Defender,20-22,2,12,478000000,39833333.33,40000000.00,35000000.00,46250000.00,21.42,2024-12-16,2025-03-18
GB1,2024,Defender,23-25,3,36,1024000000,28444444.44,25000000.00,19250000.00,32750000.00,24.14,2024-06-05,2025-03-27
GB1,2024,Defender,26-28,4,39,1134000000,29076923.08,25000000.00,17500000.00,35000000.00,27.03,2024-12-16,2025-03-18
GB1,2024,Defender,29-31,5,12,150500000,12541666.67,11500000.00,9500000.00,15000000.00,30.08,2024-12-16,2025-03-18
GB1,2024,Defender,32+,6,19,134000000,7052631.58,6000000.00,3000000.00,8000000.00,33.16,2024-12-16,2025-03-25
GB1,2024,Forward,Under 20,1,1,25000000,25000000.00,25000000.00,25000000.00,25000000.00,19.00,2025-03-18,2025-03-18
GB1,2024,Forward,20-22,2,8,345000000,43125000.00,42500000.00,38750000.00,47500000.00,21.13,2024-12-16,2025-03-18
GB1,2024,Forward,23-25,3,34,1576000000,46352941.18,35000000.00,25000000.00,50000000.00,24.06,2024-12-16,2025-03-18
GB1,2024,Forward,26-28,4,22,772000000,35090909.09,30000000.00,17750000.00,45000000.00,27.32,2024-12-16,2025-03-28
GB1,2024,Forward,29-31,5,6,139000000,23166666.67,20500000.00,11500000.00,28750000.00,29.50,2024-12-16,2025-03-18
GB1,2024,Forward,32+,6,7,109500000,15642857.14,5000000.00,4250000.00,20000000.00,33.71,2024-12-16,2025-03-18
GB1,2024,Midfielder,Under 20,1,2,60000000,30000000.00,30000000.00,27500000.00,32500000.00,19.00,2025-03-18,2025-03-18
GB1,2024,Midfielder,20-22,2,15,429000000,28600000.00,24000000.00,21000000.00,35000000.00,20.93,2024-12-16,2025-03-18
GB1,2024,Midfielder,23-25,3,24,1184000000,49333333.33,42500000.00,25000000.00,62500000.00,24.00,2024-12-16,2025-03-18
GB1,2024,Midfielder,26-28,4,31,1034000000,33354838.71,22000000.00,16000000.00,35000000.00,27.03,2024-06-07,2025-03-18
GB1,2024,Midfielder,29-31,5,17,311500000,18323529.41,12000000.00,12000000.00,20000000.00,30.06,2024-12-16,2025-03-20
GB1,2024,Midfielder,32+,6,7,62900000,8985714.29,7000000.00,4000000.00,10000000.00,33.29,2024-12-16,2025-03-18
IT1,2024,Defender,Under 20,1,1,6000000,6000000.00,6000000.00,6000000.00,6000000.00,18.00,2025-03-25,2025-03-25
IT1,2024,Defender,20-22,2,14,141500000,10107142.86,7750000.00,4125000.00,17000000.00,21.21,2024-06-04,2025-03-25
IT1,2024,Defender,23-25,3,38,429400000,11300000.00,5000000.00,4000000.00,17000000.00,24.34,2024-06-05,2025-03-25
IT1,2024,Defender,26-28,4,37,547100000,14786486.49,10000000.00,3800000.00,18000000.00,26.73,2024-12-16,2025-03-25
IT1,2024,Defender,29-31,5,26,181200000,6969230.77,3250000.00,2500000.00,9500000.00,30.27,2024-06-05,2025-03-25
IT1,2024,Defender,32+,6,16,44200000,2762500.00,2250000.00,1375000.00,3625000.00,33.81,2024-12-18,2025-03-25
IT1,2024,Forward,Under 20,1,1,25000000,25000000.00,25000000.00,25000000.00,25000000.00,19.00,2025-03-25,2025-03-25
IT1,2024,Forward,20-22,2,8,208000000,26000000.00,23500000.00,18750000.00,35250000.00,21.00,2024-12-18,2025-03-25
IT1,2024,Forward,23-25,3,26,442300000,17011538.46,7500000.00,4250000.00,20000000.00,24.23,2024-12-18,2025-03-25
IT1,2024,Forward,26-28,4,25,630700000,25228000.00,16000000.00,7000000.00,30000000.00,26.92,2024-06-05,2025-03-25
IT1,2024,Forward,29-31,5,6,50000000,8333333.33,6000000.00,4000000.00,9500000.00,30.00,2024-06-05,2025-03-25
IT1,2024,Forward,32+,6,6,47500000,7916666.67,5000000.00,2375000.00,11000000.00,33.33,2024-12-18,2025-03-25
IT1,2024,Midfielder,20-22,2,16,179500000,11218750.00,9500000.00,6375000.00,13250000.00,21.44,2024-12-18,2025-03-25
IT1,2024,Midfielder,23-25,3,39,621300000,15930769.23,15000000.00,7750000.00,20000000.00,23.97,2024-12-10,2025-03-25
IT1,2024,Midfielder,26-28,4,22,420500000,19113636.36,11000000.00,5000000.00,29500000.00,26.73,2024-06-05,2025-03-25
IT1,2024,Midfielder,29-31,5,23,183700000,7986956.52,3500000.00,2350000.00,10000000.00,29.74,2024-06-03,2025-03-25
IT1,2024,Midfielder,32+,6,9,31300000,3477777.78,4000000.00,1000000.00,6000000.00,33.78,2024-06-05,2025-03-25
L1,2024,Defender,20-22,2,13,160000000,12307692.31,10000000.00,7000000.00,12000000.00,21.23,2024-12-20,2025-03-27
L1,2024,Defender,23-25,3,23,347000000,15086956.52,7000000.00,2750000.00,20500000.00,23.96,2024-12-10,2025-03-27
L1,2024,Defender,26-28,4,39,476000000,12205128.21,8000000.00,3500000.00,17000000.00,27.13,2024-12-20,2025-03-27
L1,2024,Defender,29-31,5,26,175800000,6761538.46,3750000.00,2575000.00,7000000.00,29.92,2024-12-20,2025-03-27
L1,2024,Defender,32+,6,10,25000000,2500000.00,1650000.00,1075000.00,2000000.00,33.00,2024-12-20,2024-12-20
L1,2024,Forward,20-22,2,9,268000000,29777777.78,25000000.00,12000000.00,50000000.00,21.22,2024-12-20,2025-03-27
L1,2024,Forward,23-25,3,21,430500000,20500000.00,12000000.00,6000000.00,32000000.00,23.90,2024-05-29,2025-03-27
L1,2024,Forward,26-28,4,17,257000000,15117647.06,10000000.00,4000000.00,22000000.00,26.94,2024-12-20,2025-03-27
L1,2024,Forward,29-31,5,12,257400000,21450000.00,12250000.00,3150000.00,29750000.00,29.83,2024-12-18,2025-03-27
L1,2024,Forward,32+,6,6,27500000,4583333.33,5000000.00,2875000.00,6000000.00,32.67,2024-12-20,2024-12-20
L1,2024,Midfielder,Under 20,1,3,52000000,17333333.33,18000000.00,13500000.00,21500000.00,19.00,2024-12-20,2025-03-27
L1,2024,Midfielder,20-22,2,12,557000000,46416666.67,28500000.00,14250000.00,55000000.00,21.42,2024-12-20,2025-03-27
L1,2024,Midfielder,23-25,3,14,164800000,11771428.57,7500000.00,4000000.00,15750000.00,24.07,2024-12-20,2025-03-27
L1,2024,Midfielder,26-28,4,24,228250000,9510416.67,6750000.00,3500000.00,12000000.00,26.88,2024-12-20,2025-03-27
L1,2024,Midfielder,29-31,5,14,162500000,11607142.86,6500000.00,3125000.00,13750000.00,30.21,2024-12-20,2025-03-27
L1,2024,Midfielder,32+,6,9,40500000,4500000.00,2500000.00,2000000.00,5000000.00,33.44,2024-05-29,2024-12-20
ES1,2025,Defender,Under 20,1,1,80000000,80000000.00,80000000.00,80000000.00,80000000.00,19.00,2025-12-12,2025-12-12
ES1,2025,Defender,20-22,2,19,323000000,17000000.00,12000000.00,5000000.00,22500000.00,21.47,2025-12-12,2026-03-16
ES1,2025,Defender,23-25,3,30,395500000,13183333.33,9500000.00,4250000.00,18750000.00,24.07,2025-12-12,2026-03-16
ES1,2025,Defender,26-28,4,27,402000000,14888888.89,9000000.00,4500000.00,18000000.00,27.00,2025-12-12,2026-03-16
ES1,2025,Defender,29-31,5,27,144500000,5351851.85,3000000.00,2100000.00,5000000.00,30.15,2025-12-12,2026-03-16
ES1,2025,Defender,32+,6,24,47100000,1962500.00,1400000.00,1000000.00,1850000.00,33.83,2025-12-12,2026-03-16
ES1,2025,Forward,Under 20,1,3,260000000,86666666.67,45000000.00,30000000.00,122500000.00,18.33,2025-12-12,2026-03-16
ES1,2025,Forward,20-22,2,12,154000000,12833333.33,7000000.00,4625000.00,18500000.00,21.33,2025-12-12,2026-03-16
ES1,2025,Forward,23-25,3,30,549500000,18316666.67,9000000.00,4000000.00,19500000.00,24.17,2025-12-12,2026-03-16
ES1,2025,Forward,26-28,4,23,596000000,25913043.48,12000000.00,4000000.00,29500000.00,27.09,2025-12-12,2026-03-16
ES1,2025,Forward,29-31,5,18,203300000,11294444.44,5000000.00,4000000.00,9375000.00,29.56,2025-12-12,2026-03-16
ES1,2025,Forward,32+,6,15,48450000,3230000.00,2000000.00,1600000.00,3750000.00,34.27,2025-12-12,2026-05-20
ES1,2025,Midfielder,20-22,2,13,429500000,33038461.54,16000000.00,8000000.00,35000000.00,21.85,2025-12-09,2026-03-16
ES1,2025,Midfielder,23-25,3,21,495300000,23585714.29,10000000.00,7500000.00,20000000.00,23.81,2025-12-12,2026-03-16
ES1,2025,Midfielder,26-28,4,24,417200000,17383333.33,5500000.00,2850000.00,10000000.00,27.04,2025-12-12,2026-03-16
ES1,2025,Midfielder,29-31,5,23,161100000,7004347.83,4000000.00,2450000.00,8000000.00,29.87,2025-12-12,2026-03-16
ES1,2025,Midfielder,32+,6,12,28800000,2400000.00,2250000.00,1200000.00,2750000.00,34.00,2025-12-12,2026-03-16
FR1,2025,Defender,Under 20,1,2,40000000,20000000.00,20000000.00,17500000.00,22500000.00,18.50,2026-03-27,2026-03-27
FR1,2025,Defender,20-22,2,23,321000000,13956521.74,10000000.00,8000000.00,17500000.00,21.09,2025-12-09,2026-03-27
FR1,2025,Defender,23-25,3,29,376800000,12993103.45,7000000.00,3000000.00,10000000.00,24.00,2025-12-15,2026-03-27
FR1,2025,Defender,26-28,4,22,253000000,11500000.00,7000000.00,3125000.00,14250000.00,27.05,2025-12-15,2026-03-27
FR1,2025,Defender,29-31,5,18,154800000,8600000.00,6500000.00,3000000.00,14250000.00,29.89,2025-12-15,2026-03-27
FR1,2025,Defender,32+,6,15,59500000,3966666.67,1800000.00,1100000.00,3000000.00,33.20,2025-12-15,2026-03-27
FR1,2025,Forward,Under 20,1,5,106000000,21200000.00,18000000.00,15000000.00,30000000.00,18.60,2025-12-15,2026-03-27
FR1,2025,Forward,20-22,2,7,157000000,22428571.43,10000000.00,4500000.00,22500000.00,21.14,2025-12-15,2026-03-27
FR1,2025,Forward,23-25,3,27,578500000,21425925.93,12000000.00,5000000.00,32500000.00,24.00,2025-12-15,2026-03-27
FR1,2025,Forward,26-28,4,13,115500000,8884615.38,6000000.00,4000000.00,12000000.00,27.00,2025-12-15,2026-03-27
FR1,2025,Forward,29-31,5,9,155200000,17244444.44,7000000.00,5000000.00,12000000.00,29.78,2025-12-15,2026-03-27
FR1,2025,Forward,32+,6,6,13450000,2241666.67,2000000.00,850000.00,3375000.00,35.33,2025-12-15,2025-12-15
FR1,2025,Midfielder,Under 20,1,4,90000000,22500000.00,15000000.00,13750000.00,23750000.00,18.25,2026-03-27,2026-03-27
FR1,2025,Midfielder,20-22,2,21,463000000,22047619.05,15000000.00,8000000.00,25000000.00,21.14,2025-12-15,2026-03-27
FR1,2025,Midfielder,23-25,3,20,237000000,11850000.00,7000000.00,5750000.00,20500000.00,23.70,2025-12-02,2026-03-27
FR1,2025,Midfielder,26-28,4,17,226000000,13294117.65,6000000.00,5000000.00,10000000.00,26.94,2025-12-15,2026-03-27
FR1,2025,Midfielder,29-31,5,11,148000000,13454545.45,12000000.00,4500000.00,18000000.00,30.00,2025-12-02,2025-12-15
FR1,2025,Midfielder,32+,6,7,19800000,2828571.43,2000000.00,2000000.00,4250000.00,33.00,2025-12-10,2025-12-15
GB1,2025,Defender,Under 20,1,2,40000000,20000000.00,20000000.00,20000000.00,20000000.00,19.00,2025-12-09,2026-03-09
GB1,2025,Defender,20-22,2,11,395000000,35909090.91,35000000.00,32500000.00,37500000.00,21.09,2025-12-09,2026-03-09
GB1,2025,Defender,23-25,3,39,1255000000,32179487.18,30000000.00,18000000.00,40000000.00,24.21,2025-12-09,2026-03-09
GB1,2025,Defender,26-28,4,46,1250000000,27173913.04,22500000.00,18000000.00,38750000.00,27.00,2025-12-09,2026-05-21
GB1,2025,Defender,29-31,5,13,257000000,19769230.77,16000000.00,11000000.00,22000000.00,29.38,2025-12-09,2026-03-09
GB1,2025,Defender,32+,6,15,89000000,5933333.33,5000000.00,3250000.00,7500000.00,33.53,2025-12-09,2026-03-09
GB1,2025,Forward,Under 20,1,2,80000000,40000000.00,40000000.00,40000000.00,40000000.00,19.00,2026-03-09,2026-03-09
GB1,2025,Forward,20-22,2,9,295000000,32777777.78,30000000.00,25000000.00,40000000.00,21.33,2025-12-09,2026-03-09
GB1,2025,Forward,23-25,3,31,1472000000,47483870.97,35000000.00,30000000.00,52500000.00,24.13,2025-12-09,2026-03-09
GB1,2025,Forward,26-28,4,27,907000000,33592592.59,28000000.00,16500000.00,47500000.00,26.85,2025-12-09,2026-03-09
GB1,2025,Forward,29-31,5,13,284000000,21846153.85,25000000.00,18000000.00,25000000.00,29.62,2025-12-09,2026-03-09
GB1,2025,Forward,32+,6,5,49000000,9800000.00,5000000.00,4000000.00,6000000.00,34.20,2025-12-09,2026-03-09
GB1,2025,Midfielder,Under 20,1,2,40000000,20000000.00,20000000.00,20000000.00,20000000.00,18.50,2025-12-09,2026-03-09
GB1,2025,Midfielder,20-22,2,22,721000000,32772727.27,30000000.00,22750000.00,40000000.00,21.55,2025-12-09,2026-03-09
GB1,2025,Midfielder,23-25,3,25,1328000000,53120000.00,35000000.00,25000000.00,80000000.00,24.16,2025-12-09,2026-03-09
GB1,2025,Midfielder,26-28,4,31,1193000000,38483870.97,25000000.00,20000000.00,60000000.00,27.00,2025-12-09,2026-03-09
GB1,2025,Midfielder,29-31,5,18,345000000,19166666.67,12000000.00,8250000.00,29250000.00,30.17,2025-12-09,2026-03-09
GB1,2025,Midfielder,32+,6,5,24500000,4900000.00,3500000.00,2000000.00,8000000.00,34.40,2025-12-09,2025-12-19
IT1,2025,Defender,Under 20,1,2,35000000,17500000.00,17500000.00,13750000.00,21250000.00,18.50,2025-12-23,2026-03-24
IT1,2025,Defender,20-22,2,14,246000000,17571428.57,15500000.00,8125000.00,24500000.00,21.43,2025-12-23,2026-03-24
IT1,2025,Defender,23-25,3,32,359500000,11234375.00,6750000.00,4375000.00,15500000.00,24.00,2025-12-23,2026-03-24
IT1,2025,Defender,26-28,4,43,621000000,14441860.47,10000000.00,3750000.00,20000000.00,26.81,2025-12-23,2026-03-24
IT1,2025,Defender,29-31,5,19,162300000,8542105.26,4500000.00,3250000.00,9500000.00,29.89,2025-12-15,2026-03-24
IT1,2025,Defender,32+,6,17,62300000,3664705.88,3000000.00,1400000.00,5000000.00,33.24,2025-12-23,2026-03-24
IT1,2025,Forward,Under 20,1,1,13000000,13000000.00,13000000.00,13000000.00,13000000.00,19.00,2026-03-24,2026-03-24
IT1,2025,Forward,20-22,2,9,279000000,31000000.00,30000000.00,13000000.00,35000000.00,20.89,2025-12-23,2026-03-24
IT1,2025,Forward,23-25,3,20,287000000,14350000.00,11000000.00,5250000.00,17250000.00,24.00,2025-12-23,2026-03-24
IT1,2025,Forward,26-28,4,23,584300000,25404347.83,18000000.00,8500000.00,35000000.00,26.83,2025-12-23,2026-03-24
IT1,2025,Forward,29-31,5,13,114000000,8769230.77,7000000.00,4500000.00,8500000.00,29.38,2025-12-12,2026-03-24
IT1,2025,Forward,32+,6,9,32300000,3588888.89,3000000.00,1300000.00,5000000.00,33.89,2025-12-23,2025-12-23
IT1,2025,Midfielder,Under 20,1,1,10000000,10000000.00,10000000.00,10000000.00,10000000.00,19.00,2026-03-24,2026-03-24
IT1,2025,Midfielder,20-22,2,14,199500000,14250000.00,7500000.00,6125000.00,13750000.00,21.50,2025-12-23,2026-03-24
IT1,2025,Midfielder,23-25,3,29,517000000,17827586.21,17000000.00,10000000.00,20000000.00,24.14,2025-12-23,2026-05-21
IT1,2025,Midfielder,26-28,4,32,383000000,11968750.00,9000000.00,4875000.00,18000000.00,26.84,2025-12-23,2026-05-21
IT1,2025,Midfielder,29-31,5,22,220700000,10031818.18,4000000.00,2625000.00,9750000.00,30.00,2025-12-23,2026-03-24
IT1,2025,Midfielder,32+,6,13,64200000,4938461.54,3500000.00,1800000.00,4000000.00,34.15,2025-12-23,2026-03-24
L1,2025,Defender,Under 20,1,5,146000000,29200000.00,22000000.00,22000000.00,30000000.00,18.60,2026-03-20,2026-03-20
L1,2025,Defender,20-22,2,16,206000000,12875000.00,10000000.00,7750000.00,18500000.00,21.50,2025-12-19,2026-03-20
L1,2025,Defender,23-25,3,21,277000000,13190476.19,7500000.00,4000000.00,20000000.00,24.00,2025-12-19,2026-03-20
L1,2025,Defender,26-28,4,33,476500000,14439393.94,10000000.00,4000000.00,18000000.00,27.12,2025-12-19,2026-03-20
L1,2025,Defender,29-31,5,24,207800000,8658333.33,5000000.00,2500000.00,12750000.00,29.63,2025-12-19,2026-03-20
L1,2025,Defender,32+,6,13,27200000,2092307.69,1500000.00,800000.00,2000000.00,33.15,2025-12-19,2025-12-19
L1,2025,Forward,Under 20,1,3,150000000,50000000.00,40000000.00,37500000.00,57500000.00,19.00,2026-03-20,2026-03-20
L1,2025,Forward,20-22,2,9,176500000,19611111.11,20000000.00,10000000.00,25000000.00,21.00,2025-12-19,2026-03-20
L1,2025,Forward,23-25,3,23,567000000,24652173.91,15000000.00,6500000.00,32500000.00,23.83,2025-12-09,2026-03-20
L1,2025,Forward,26-28,4,14,125500000,8964285.71,6000000.00,3625000.00,9500000.00,26.86,2025-12-19,2026-03-20
L1,2025,Forward,29-31,5,13,202500000,15576923.08,4000000.00,3000000.00,20000000.00,29.77,2025-12-12,2026-03-20
L1,2025,Forward,32+,6,6,77700000,12950000.00,2500000.00,1625000.00,4500000.00,32.67,2025-12-15,2025-12-19
L1,2025,Midfielder,Under 20,1,1,60000000,60000000.00,60000000.00,60000000.00,60000000.00,18.00,2025-12-19,2025-12-19
L1,2025,Midfielder,20-22,2,18,470500000,26138888.89,26500000.00,12000000.00,34250000.00,20.89,2025-12-19,2026-03-20
L1,2025,Midfielder,23-25,3,22,353000000,16045454.55,12500000.00,7000000.00,21500000.00,24.18,2025-12-19,2026-03-20
L1,2025,Midfielder,26-28,4,20,210000000,10500000.00,9000000.00,3875000.00,12750000.00,26.95,2025-12-19,2026-03-20
L1,2025,Midfielder,29-31,5,14,158500000,11321428.57,8000000.00,4875000.00,14750000.00,29.93,2025-12-19,2026-03-20
L1,2025,Midfielder,32+,6,9,24000000,2666666.67,2000000.00,2000000.00,2500000.00,32.56,2025-12-19,2026-03-20
