horizon_months,fee_status,transfer_count,matured_transfer_count,eligible_baseline_count,eligible_post_valuation_count,value_change_eligible_count,value_change_coverage_pct,average_value_change_eur,median_value_change_eur,average_value_growth_pct,median_value_growth_pct,earliest_post_valuation_date,latest_post_valuation_date,methodology_version
6,numeric_fee,17547,16645,16210,13442,12338,70.3140,847547.41,25000.00,59.6482,5.2632,2005-10-29,2026-06-02,v1.0
6,recorded_zero_ambiguous,95580,90312,67571,51955,44563,46.6238,63758.54,0.00,31.6817,0.0000,2006-12-27,2026-06-08,v1.0
6,unknown_or_undisclosed,61518,59263,18751,18920,10912,17.7379,259364.46,0.00,127.5038,0.0000,2005-12-28,2026-06-02,v1.0
12,numeric_fee,17547,15053,16210,12857,11124,63.3955,1255452.62,200000.00,112.5646,20.0000,2005-11-18,2026-06-05,v1.0
12,recorded_zero_ambiguous,95580,84255,67571,51432,41513,43.4327,233381.35,0.00,78.7522,0.0000,2007-04-25,2026-06-08,v1.0
12,unknown_or_undisclosed,61518,56797,18751,20720,10371,16.8585,568437.95,50000.00,284.1401,33.3333,2006-10-24,2026-06-04,v1.0
24,numeric_fee,17547,12746,16210,11055,9337,53.2114,1977599.87,300000.00,229.5559,33.3333,2007-04-25,2026-05-22,v1.0
24,recorded_zero_ambiguous,95580,74346,67571,47762,35756,37.4095,674502.46,100000.00,214.3372,33.3333,2007-06-21,2026-06-04,v1.0
24,unknown_or_undisclosed,61518,52119,18751,23906,9089,14.7745,1228102.10,175000.00,678.9164,100.0000,2007-06-21,2026-06-02,v1.0
