season_key,competition_key,position_group,exploratory_efficiency_band,player_count
2023,ES1,Defender,above_peer_range,19
2023,ES1,Defender,high_relative_efficiency,14
2023,ES1,Defender,low_relative_efficiency,32
2023,ES1,Defender,within_peer_range,66
2023,ES1,Forward,above_peer_range,14
2023,ES1,Forward,high_relative_efficiency,9
2023,ES1,Forward,low_relative_efficiency,22
2023,ES1,Forward,within_peer_range,44
2023,ES1,Midfielder,above_peer_range,15
2023,ES1,Midfielder,high_relative_efficiency,10
2023,ES1,Midfielder,low_relative_efficiency,23
2023,ES1,Midfielder,within_peer_range,48
2023,FR1,Defender,above_peer_range,17
2023,FR1,Defender,high_relative_efficiency,12
2023,FR1,Defender,low_relative_efficiency,28
2023,FR1,Defender,within_peer_range,58
2023,FR1,Forward,above_peer_range,10
2023,FR1,Forward,high_relative_efficiency,7
2023,FR1,Forward,low_relative_efficiency,16
2023,FR1,Forward,within_peer_range,34
2023,FR1,Midfielder,above_peer_range,13
2023,FR1,Midfielder,high_relative_efficiency,10
2023,FR1,Midfielder,low_relative_efficiency,22
2023,FR1,Midfielder,within_peer_range,45
2023,GB1,Defender,above_peer_range,19
2023,GB1,Defender,high_relative_efficiency,13
2023,GB1,Defender,low_relative_efficiency,31
2023,GB1,Defender,within_peer_range,64
2023,GB1,Forward,above_peer_range,12
2023,GB1,Forward,high_relative_efficiency,9
2023,GB1,Forward,low_relative_efficiency,20
2023,GB1,Forward,within_peer_range,42
2023,GB1,Midfielder,above_peer_range,15
2023,GB1,Midfielder,high_relative_efficiency,11
2023,GB1,Midfielder,low_relative_efficiency,25
2023,GB1,Midfielder,within_peer_range,51
2023,IT1,Defender,above_peer_range,21
2023,IT1,Defender,high_relative_efficiency,14
2023,IT1,Defender,low_relative_efficiency,33
2023,IT1,Defender,within_peer_range,68
2023,IT1,Forward,above_peer_range,11
2023,IT1,Forward,high_relative_efficiency,7
2023,IT1,Forward,low_relative_efficiency,17
2023,IT1,Forward,within_peer_range,34
2023,IT1,Midfielder,above_peer_range,17
2023,IT1,Midfielder,high_relative_efficiency,12
2023,IT1,Midfielder,low_relative_efficiency,28
2023,IT1,Midfielder,within_peer_range,57
2023,L1,Defender,above_peer_range,18
2023,L1,Defender,high_relative_efficiency,12
2023,L1,Defender,low_relative_efficiency,28
2023,L1,Defender,within_peer_range,58
2023,L1,Forward,above_peer_range,10
2023,L1,Forward,high_relative_efficiency,7
2023,L1,Forward,low_relative_efficiency,16
2023,L1,Forward,within_peer_range,34
2023,L1,Midfielder,above_peer_range,13
2023,L1,Midfielder,high_relative_efficiency,10
2023,L1,Midfielder,low_relative_efficiency,22
2023,L1,Midfielder,within_peer_range,46
2024,ES1,Defender,above_peer_range,18
2024,ES1,Defender,high_relative_efficiency,13
2024,ES1,Defender,low_relative_efficiency,29
2024,ES1,Defender,within_peer_range,60
2024,ES1,Forward,above_peer_range,15
2024,ES1,Forward,high_relative_efficiency,10
2024,ES1,Forward,low_relative_efficiency,23
2024,ES1,Forward,within_peer_range,48
2024,ES1,Midfielder,above_peer_range,14
2024,ES1,Midfielder,high_relative_efficiency,10
2024,ES1,Midfielder,low_relative_efficiency,23
2024,ES1,Midfielder,within_peer_range,48
2024,FR1,Defender,above_peer_range,17
2024,FR1,Defender,high_relative_efficiency,11
2024,FR1,Defender,low_relative_efficiency,26
2024,FR1,Defender,within_peer_range,54
2024,FR1,Forward,above_peer_range,11
2024,FR1,Forward,high_relative_efficiency,8
2024,FR1,Forward,low_relative_efficiency,17
2024,FR1,Forward,within_peer_range,36
2024,FR1,Midfielder,above_peer_range,12
2024,FR1,Midfielder,high_relative_efficiency,8
2024,FR1,Midfielder,low_relative_efficiency,19
2024,FR1,Midfielder,within_peer_range,39
2024,GB1,Defender,above_peer_range,18
2024,GB1,Defender,high_relative_efficiency,13
2024,GB1,Defender,low_relative_efficiency,29
2024,GB1,Defender,within_peer_range,60
2024,GB1,Forward,above_peer_range,12
2024,GB1,Forward,high_relative_efficiency,8
2024,GB1,Forward,low_relative_efficiency,19
2024,GB1,Forward,within_peer_range,39
2024,GB1,Midfielder,above_peer_range,15
2024,GB1,Midfielder,high_relative_efficiency,10
2024,GB1,Midfielder,low_relative_efficiency,23
2024,GB1,Midfielder,within_peer_range,48
2024,IT1,Defender,above_peer_range,20
2024,IT1,Defender,high_relative_efficiency,14
2024,IT1,Defender,low_relative_efficiency,32
2024,IT1,Defender,within_peer_range,66
2024,IT1,Forward,above_peer_range,11
2024,IT1,Forward,high_relative_efficiency,8
2024,IT1,Forward,low_relative_efficiency,17
2024,IT1,Forward,within_peer_range,36
2024,IT1,Midfielder,above_peer_range,17
2024,IT1,Midfielder,high_relative_efficiency,11
2024,IT1,Midfielder,low_relative_efficiency,27
2024,IT1,Midfielder,within_peer_range,54
2024,L1,Defender,above_peer_range,16
2024,L1,Defender,high_relative_efficiency,12
2024,L1,Defender,low_relative_efficiency,27
2024,L1,Defender,within_peer_range,56
2024,L1,Forward,above_peer_range,10
2024,L1,Forward,high_relative_efficiency,7
2024,L1,Forward,low_relative_efficiency,16
2024,L1,Forward,within_peer_range,32
2024,L1,Midfielder,above_peer_range,12
2024,L1,Midfielder,high_relative_efficiency,8
2024,L1,Midfielder,low_relative_efficiency,18
2024,L1,Midfielder,within_peer_range,38
2025,ES1,Defender,above_peer_range,20
2025,ES1,Defender,high_relative_efficiency,13
2025,ES1,Defender,low_relative_efficiency,31
2025,ES1,Defender,within_peer_range,64
2025,ES1,Forward,above_peer_range,15
2025,ES1,Forward,high_relative_efficiency,11
2025,ES1,Forward,low_relative_efficiency,25
2025,ES1,Forward,within_peer_range,50
2025,ES1,Midfielder,above_peer_range,14
2025,ES1,Midfielder,high_relative_efficiency,10
2025,ES1,Midfielder,low_relative_efficiency,23
2025,ES1,Midfielder,within_peer_range,46
2025,FR1,Defender,above_peer_range,17
2025,FR1,Defender,high_relative_efficiency,11
2025,FR1,Defender,low_relative_efficiency,27
2025,FR1,Defender,within_peer_range,54
2025,FR1,Forward,above_peer_range,10
2025,FR1,Forward,high_relative_efficiency,7
2025,FR1,Forward,low_relative_efficiency,16
2025,FR1,Forward,within_peer_range,34
2025,FR1,Midfielder,above_peer_range,12
2025,FR1,Midfielder,high_relative_efficiency,9
2025,FR1,Midfielder,low_relative_efficiency,19
2025,FR1,Midfielder,within_peer_range,40
2025,GB1,Defender,above_peer_range,19
2025,GB1,Defender,high_relative_efficiency,13
2025,GB1,Defender,low_relative_efficiency,31
2025,GB1,Defender,within_peer_range,63
2025,GB1,Forward,above_peer_range,13
2025,GB1,Forward,high_relative_efficiency,9
2025,GB1,Forward,low_relative_efficiency,21
2025,GB1,Forward,within_peer_range,44
2025,GB1,Midfielder,above_peer_range,15
2025,GB1,Midfielder,high_relative_efficiency,11
2025,GB1,Midfielder,low_relative_efficiency,25
2025,GB1,Midfielder,within_peer_range,52
2025,IT1,Defender,above_peer_range,19
2025,IT1,Defender,high_relative_efficiency,13
2025,IT1,Defender,low_relative_efficiency,31
2025,IT1,Defender,within_peer_range,64
2025,IT1,Forward,above_peer_range,11
2025,IT1,Forward,high_relative_efficiency,8
2025,IT1,Forward,low_relative_efficiency,18
2025,IT1,Forward,within_peer_range,38
2025,IT1,Midfielder,above_peer_range,16
2025,IT1,Midfielder,high_relative_efficiency,12
2025,IT1,Midfielder,low_relative_efficiency,27
2025,IT1,Midfielder,within_peer_range,56
2025,L1,Defender,above_peer_range,17
2025,L1,Defender,high_relative_efficiency,12
2025,L1,Defender,low_relative_efficiency,27
2025,L1,Defender,within_peer_range,56
2025,L1,Forward,above_peer_range,11
2025,L1,Forward,high_relative_efficiency,7
2025,L1,Forward,low_relative_efficiency,16
2025,L1,Forward,within_peer_range,34
2025,L1,Midfielder,above_peer_range,13
2025,L1,Midfielder,high_relative_efficiency,9
2025,L1,Midfielder,low_relative_efficiency,20
2025,L1,Midfielder,within_peer_range,42
