competition_key,season_key,position_group,player_count,total_market_value_eur,average_market_value_eur,median_market_value_eur,p25_market_value_eur,p75_market_value_eur,top_10_value_concentration_pct,average_goals_per_90,average_assists_per_90,average_goal_contributions_per_90,median_goal_contributions_per_90,spearman_performance_value_correlation,earliest_valuation_date,latest_valuation_date,methodology_version,high_efficiency_players,minimum_efficiency_score,maximum_efficiency_score
ES1,2023,Defender,131,1129350000,8620992.37,4000000.00,2500000.00,8500000.00,34.5331,0.0395,0.0642,0.1036,0.0796,0.1724,2023-12-11,2024-03-28,v1.0,14,-3.5253,2.8368
ES1,2023,Forward,89,1455800000,16357303.37,10000000.00,3500000.00,18000000.00,44.6490,0.2903,0.1501,0.4404,0.4393,0.6314,2023-12-19,2024-03-21,v1.0,9,-1.9182,2.0294
ES1,2023,Midfielder,96,1505700000,15684375.00,6000000.00,3000000.00,15000000.00,55.7880,0.0932,0.0944,0.1876,0.1744,0.4120,2023-12-19,2024-03-21,v1.0,10,-3.1807,2.4763
FR1,2023,Defender,115,1022000000,8886956.52,6000000.00,3000000.00,10000000.00,36.2035,0.0504,0.0576,0.1080,0.0842,0.1870,2023-12-18,2024-03-19,v1.0,12,-2.7288,3.6435
FR1,2023,Forward,67,1058300000,15795522.39,10000000.00,4000000.00,15000000.00,52.7261,0.3185,0.1721,0.4906,0.4462,0.5615,2023-12-18,2024-03-19,v1.0,7,-1.9390,2.9017
FR1,2023,Midfielder,90,966600000,10740000.00,7000000.00,3125000.00,12750000.00,37.5543,0.1024,0.0980,0.2004,0.1549,0.3493,2023-12-18,2024-03-19,v1.0,10,-2.3504,2.7434
GB1,2023,Defender,127,2685200000,21143307.09,16000000.00,10000000.00,32000000.00,23.4619,0.0524,0.0625,0.1149,0.0928,0.2942,2023-12-18,2024-03-14,v1.0,13,-2.5123,2.6730
GB1,2023,Forward,83,2936300000,35377108.43,28000000.00,13000000.00,50000000.00,30.4805,0.3627,0.1756,0.5383,0.5383,0.4783,2023-12-19,2024-03-14,v1.0,9,-2.5738,2.4751
GB1,2023,Midfielder,102,3081450000,30210294.12,21000000.00,12000000.00,35000000.00,29.6938,0.1231,0.1226,0.2457,0.2119,0.4315,2023-12-19,2024-03-14,v1.0,11,-2.2383,2.4104
IT1,2023,Defender,136,1322100000,9721323.53,5000000.00,2950000.00,12000000.00,34.9444,0.0384,0.0723,0.1107,0.0856,0.3882,2023-12-20,2024-05-27,v1.0,14,-2.5023,2.4230
IT1,2023,Forward,69,1287900000,18665217.39,9500000.00,5000000.00,22000000.00,51.7897,0.3013,0.1560,0.4573,0.4061,0.5437,2023-12-20,2024-03-25,v1.0,7,-2.3645,3.0236
IT1,2023,Midfielder,114,1288300000,11300877.19,6750000.00,3500000.00,15000000.00,29.7291,0.1156,0.1146,0.2301,0.1918,0.4156,2023-12-20,2024-03-12,v1.0,12,-2.3807,3.4034
L1,2023,Defender,116,1438300000,12399137.93,7250000.00,3000000.00,15000000.00,33.0251,0.0642,0.0777,0.1418,0.0984,0.3169,2023-12-14,2024-03-27,v1.0,12,-2.6675,2.8755
L1,2023,Forward,67,1035200000,15450746.27,7000000.00,4000000.00,22000000.00,51.4876,0.3583,0.1977,0.5561,0.5045,0.7218,2023-12-14,2024-03-27,v1.0,7,-2.2656,1.5380
L1,2023,Midfielder,91,1266300000,13915384.62,7500000.00,4000000.00,14500000.00,45.6448,0.1224,0.1542,0.2767,0.2215,0.3936,2023-12-14,2024-03-27,v1.0,10,-2.7535,2.5239
ES1,2024,Defender,120,1146800000,9556666.67,5000000.00,2000000.00,12000000.00,37.3212,0.0353,0.0539,0.0892,0.0723,0.2646,2024-06-07,2025-03-28,v1.0,13,-3.1066,3.0034
ES1,2024,Forward,96,1772500000,18463541.67,6000000.00,2800000.00,18500000.00,57.8279,0.2802,0.1437,0.4239,0.3740,0.4894,2024-06-07,2025-03-21,v1.0,10,-2.0793,2.8068
ES1,2024,Midfielder,95,1652400000,17393684.21,6000000.00,2800000.00,17000000.00,53.2559,0.1076,0.1003,0.2078,0.1614,0.4285,2024-06-07,2025-03-21,v1.0,10,-2.9007,3.1752
FR1,2024,Defender,108,956600000,8857407.41,5000000.00,2500000.00,12000000.00,38.1560,0.0478,0.0612,0.1090,0.0880,0.1770,2024-05-27,2025-03-24,v1.0,11,-3.1592,3.3550
FR1,2024,Forward,72,1078900000,14984722.22,10000000.00,4000000.00,18500000.00,46.8069,0.3403,0.1970,0.5373,0.5056,0.6143,2024-06-03,2025-03-27,v1.0,8,-1.7914,2.0202
FR1,2024,Midfielder,78,905100000,11603846.15,7000000.00,5000000.00,11500000.00,43.6416,0.1085,0.1110,0.2195,0.1715,0.4758,2024-06-03,2025-03-28,v1.0,8,-2.8086,2.8212
GB1,2024,Defender,120,3003500000,25029166.67,22000000.00,10750000.00,35000000.00,21.8079,0.0400,0.0604,0.1003,0.0775,0.4045,2024-06-05,2025-03-27,v1.0,13,-3.5569,2.4861
GB1,2024,Forward,78,2966500000,38032051.28,31000000.00,20000000.00,50000000.00,31.1815,0.3270,0.1934,0.5204,0.4953,0.4471,2024-12-16,2025-03-28,v1.0,8,-1.7835,3.2572
GB1,2024,Midfielder,96,3081400000,32097916.67,23500000.00,15000000.00,40000000.00,30.6679,0.1116,0.1241,0.2358,0.1862,0.4772,2024-06-07,2025-03-20,v1.0,10,-2.3912,2.6547
IT1,2024,Defender,132,1349400000,10222727.27,5000000.00,3000000.00,14000000.00,30.4580,0.0443,0.0659,0.1102,0.0847,0.2901,2024-06-04,2025-03-25,v1.0,14,-2.6070,2.8027
IT1,2024,Forward,72,1403500000,19493055.56,14000000.00,5000000.00,25000000.00,43.4628,0.2971,0.1677,0.4649,0.4673,0.6752,2024-06-05,2025-03-25,v1.0,8,-1.7179,2.3460
IT1,2024,Midfielder,109,1436300000,13177064.22,8000000.00,4000000.00,17000000.00,30.8431,0.1150,0.1173,0.2323,0.2195,0.3663,2024-06-03,2025-03-25,v1.0,11,-2.7979,2.4227
L1,2024,Defender,111,1183800000,10664864.86,6000000.00,2650000.00,12000000.00,37.5908,0.0543,0.0736,0.1278,0.0979,0.2277,2024-12-10,2025-03-27,v1.0,12,-2.7369,2.8669
L1,2024,Forward,65,1240400000,19083076.92,10000000.00,4000000.00,25000000.00,48.3715,0.3671,0.2250,0.5921,0.5690,0.6199,2024-05-29,2025-03-27,v1.0,7,-1.6794,1.9174
L1,2024,Midfielder,76,1205050000,15855921.05,8750000.00,3500000.00,17000000.00,52.3630,0.1208,0.1176,0.2384,0.1867,0.4240,2024-05-29,2025-03-27,v1.0,8,-2.5795,3.2368
ES1,2025,Defender,128,1392100000,10875781.25,5000000.00,2500000.00,12750000.00,37.2100,0.0382,0.0618,0.1000,0.0842,0.1192,2025-12-12,2026-03-16,v1.0,13,-3.1471,3.5711
ES1,2025,Forward,101,1811250000,17933168.32,6000000.00,3000000.00,18000000.00,52.4500,0.3071,0.1424,0.4494,0.4070,0.4420,2025-12-12,2026-05-20,v1.0,11,-3.9597,2.1622
ES1,2025,Midfielder,93,1531900000,16472043.01,6000000.00,2500000.00,12000000.00,58.0978,0.0848,0.1091,0.1939,0.1532,0.3800,2025-12-09,2026-03-16,v1.0,10,-2.6161,2.3827
FR1,2025,Defender,109,1205100000,11055963.30,7000000.00,3000000.00,12000000.00,37.7562,0.0434,0.0694,0.1129,0.0766,0.0670,2025-12-09,2026-03-27,v1.0,11,-2.9608,3.4942
FR1,2025,Forward,67,1125650000,16800746.27,8000000.00,4000000.00,18000000.00,52.8583,0.3560,0.1606,0.5166,0.4813,0.5449,2025-12-15,2026-03-27,v1.0,7,-1.7564,2.2018
FR1,2025,Midfielder,80,1183800000,14797500.00,8000000.00,5000000.00,18000000.00,45.4469,0.1078,0.1056,0.2134,0.1670,0.4276,2025-12-02,2026-03-27,v1.0,9,-2.8744,2.4472
GB1,2025,Defender,126,3286000000,26079365.08,22000000.00,15000000.00,35000000.00,19.9330,0.0395,0.0604,0.0999,0.0849,0.2825,2025-12-09,2026-05-21,v1.0,13,-3.3530,3.2447
GB1,2025,Forward,87,3087000000,35482758.62,30000000.00,20000000.00,40000000.00,29.3165,0.2702,0.1299,0.4000,0.3888,0.3805,2025-12-09,2026-03-09,v1.0,9,-2.1695,3.0127
GB1,2025,Midfielder,103,3651500000,35451456.31,30000000.00,16000000.00,45000000.00,26.5644,0.1215,0.1249,0.2465,0.2107,0.4270,2025-12-09,2026-03-09,v1.0,11,-2.4724,2.6778
IT1,2025,Defender,127,1486100000,11701574.80,7000000.00,3500000.00,16500000.00,27.0507,0.0491,0.0554,0.1045,0.0737,0.3490,2025-12-15,2026-03-24,v1.0,13,-2.7283,2.3941
IT1,2025,Forward,75,1309600000,17461333.33,12000000.00,4500000.00,26500000.00,40.4704,0.2859,0.1501,0.4361,0.4142,0.5633,2025-12-12,2026-03-24,v1.0,8,-2.0665,2.0352
IT1,2025,Midfielder,111,1394400000,12562162.16,9000000.00,4000000.00,18000000.00,29.7619,0.1073,0.0986,0.2059,0.1816,0.4464,2025-12-23,2026-05-21,v1.0,12,-2.6490,2.4048
L1,2025,Defender,112,1340500000,11968750.00,7000000.00,3000000.00,18000000.00,32.9728,0.0616,0.0890,0.1506,0.1233,0.2320,2025-12-19,2026-03-20,v1.0,12,-2.5715,3.0495
L1,2025,Forward,68,1299200000,19105882.35,10000000.00,4000000.00,25500000.00,46.1823,0.3638,0.1976,0.5614,0.5033,0.5974,2025-12-09,2026-03-20,v1.0,7,-1.4465,2.6557
L1,2025,Midfielder,84,1276000000,15190476.19,10000000.00,4875000.00,20000000.00,36.2069,0.1404,0.1267,0.2671,0.2240,0.4084,2025-12-19,2026-03-20,v1.0,9,-2.8311,2.8283
